mention_uid,invocation_user_login,invocation_speaker_role,invocation_timing_phase,invocation_body,next_human_1_body,next_human_2_body,next_human_3_body,uptake_label,coder2_label,coder2_notes
Jayc82/Orion#1:issue_comment:3702967187,Jayc82,other_commenter,early,@copilot 1,@copilot What else needs done?,@copilot C,@copilot So what do i need to depoly this coin,continued_delegation,continued_delegation,"asks copilot what's next, more delegations"
mgradwohl/tasksmack#303:review_comment:2656188704,mgradwohl,reviewer,middle,@copilot perhaps change the name to counter.fanSpeedRPMPercent?,@copilot the asan-ubsan workflow failed. diagnose that as well,@copilot What's next in our phased implementation plan for GPU support?,"@copilot here's the build log from windows cmake --build --preset win-release [0/259] glad_gl_core_33-generate Cleaning D:/a/tasksmack/tasksmack/build/win-release/gladsources/glad_gl_core_33 Generating with args --out-path D:/a/tasksmack/tasksmack/build/win-release/gladsources/glad_gl_core_33 --api gl:core=3.3 --reproducible c --loader [01.01.2026 08:49:12][INFO ][glad ]: getting 'gl' specification from remote location [01.01.2026 08:49:12][DEBUG ][glad.files ]: intercepted attempt to retrieve resource: 'https://raw.githubusercontent.com/KhronosGroup/OpenGL-Registry/main/xml/gl.xml' [01.01.2026 08:49:12][INFO ][glad ]: generating gl:core/gl=Version(major=3, minor=3) [01.01.2026 08:49:12][INFO ][glad ]: adding all extensions for api gl to result [01.01.2026 08:49:12][INFO ][glad ]: generating feature set FeatureSet(name=gl, info=[gl:core=3.3], extensions=619) [01.01.2026 08:49:15][DEBUG ][glad.files ]: intercepted attempt to retrieve resource: 'https://raw.githubusercontent.com/KhronosGroup/EGL-Registry/main/api/KHR/khrplatform.h' Writing D:/a/tasksmack/tasksmack/build/win-release/gladsources/glad_gl_core_33/args.txt [25/259] Building C object D:/a/tasksmack/tasksmack/.cache/fetchcontent/freetype-build/CMakeFiles/freetype.dir/src/base/ftbdf.c.obj [27/259] Building C object D:/a/tasksmack/tasksmack/.cache/fetchcontent/freetype-build/CMakeFiles/freetype.dir/src/base/ftbitmap.c.obj [28/259] Building C object D:/a/tasksmack/tasksmack/.cache/fetchcontent/freetype-build/CMakeFiles/freetype.dir/src/base/ftcid.c.obj [29/259] Building C object D:/a/tasksmack/tasksmack/.cache/fetchcontent/freetype-build/CMakeFiles/freetype.dir/src/base/ftfstype.c.obj [30/259] Building C object D:/a/tasksmack/tasksmack/.cache/fetchcontent/freetype-build/CMakeFiles/freetype.dir/src/base/ftgasp.c.obj [31/259] Building C object D:/a/tasksmack/tasksmack/.cache/fetchcontent/freetype-build/CMakeFiles/freetype.dir/src/base/ftglyph.c.obj [32/259] Scanning D:/a/tasksmack/tasksmack/.cache/fetchcontent/imgui-src/imgui_demo.cpp for CXX dependencies [33/259] Scanning D:/a/tasksmack/tasksmack/.cache/fetchcontent/imgui-src/imgui_draw.cpp for CXX dependencies [34/259] Scanning D:/a/tasksmack/tasksmack/.cache/fetchcontent/imgui-src/imgui_tables.cpp for CXX dependencies [35/259] Scanning D:/a/tasksmack/tasksmack/.cache/fetchcontent/imgui-src/imgui.cpp for CXX dependencies [36/259] Scanning D:/a/tasksmack/tasksmack/.cache/fetchcontent/imgui-src/imgui_widgets.cpp for CXX dependencies [37/259] Scanning D:/a/tasksmack/tasksmack/.cache/fetchcontent/imgui-src/misc/cpp/imgui_stdlib.cpp for CXX dependencies [38/259] Scanning D:/a/tasksmack/tasksmack/.cache/fetchcontent/imgui-src/backends/imgui_impl_opengl3.cpp for CXX dependencies [39/259] Scanning D:/a/tasksmack/tasksmack/.cache/fetchcontent/imgui-src/misc/freetype/imgui_freetype.cpp for CXX dependencies [40/259] Scanning D:/a/tasksmack/tasksmack/.cache/fetchcontent/implot-src/implot.cpp for CXX dependencies [41/259] Building C object CMakeFiles/glad_gl_core_33.dir/gladsources/glad_gl_core_33/src/gl.c.obj [42/259] Scanning D:/a/tasksmack/tasksmack/.cache/fetchcontent/imgui-src/backends/imgui_impl_glfw.cpp for CXX dependencies [43/259] Scanning D:/a/tasksmack/tasksmack/.cache/fetchcontent/implot-src/implot_items.cpp for CXX dependencies [44/259] Generating CXX dyndep file CMakeFiles/imgui_lib.dir/CXX.dd [45/259] Scanning D:/a/tasksmack/tasksmack/.cache/fetchcontent/implot-src/implot_demo.cpp for CXX dependencies [46/259] Building C object D:/a/tasksmack/tasksmack/.cache/fetchcontent/freetype-build/CMakeFiles/freetype.dir/src/base/ftinit.c.obj [47/259] Building C object D:/a/tasksmack/tasksmack/.cache/fetchcontent/freetype-build/CMakeFiles/freetype.dir/src/base/ftgxval.c.obj [48/259] Building C object D:/a/tasksmack/tasksmack/.cache/fetchcontent/freetype-build/CMakeFiles/freetype.dir/src/base/ftmm.c.obj [49/259] Building C object D:/a/tasksmack/tasksmack/.cache/fetchcontent/freetype-build/CMakeFiles/freetype.dir/src/base/ftotval.c.obj [50/259] Building C object D:/a/tasksmack/tasksmack/.cache/fetchcontent/freetype-build/CMakeFiles/freetype.dir/src/base/ftpfr.c.obj [51/259] Building C object D:/a/tasksmack/tasksmack/.cache/fetchcontent/freetype-build/CMakeFiles/freetype.dir/src/base/ftpatent.c.obj [52/259] Building C object D:/a/tasksmack/tasksmack/.cache/fetchcontent/freetype-build/CMakeFiles/freetype.dir/src/base/ftsynth.c.obj [53/259] Building C object D:/a/tasksmack/tasksmack/.cache/fetchcontent/freetype-build/CMakeFiles/freetype.dir/src/base/ftstroke.c.obj [54/259] Building C object D:/a/tasksmack/tasksmack/.cache/fetchcontent/freetype-build/CMakeFiles/freetype.dir/src/base/fttype1.c.obj [55/259] Building C object D:/a/tasksmack/tasksmack/.cache/fetchcontent/freetype-build/CMakeFiles/freetype.dir/src/base/ftwinfnt.c.obj [56/259] Building C object D:/a/tasksmack/tasksmack/.cache/fetchcontent/freetype-build/CMakeFiles/freetype.dir/src/bdf/bdf.c.obj [57/259] Building C object D:/a/tasksmack/tasksmack/.cache/fetchcontent/freetype-build/CMakeFiles/freetype.dir/src/bzip2/ftbzip2.c.obj [58/259] Building C object D:/a/tasksmack/tasksmack/.cache/fetchcontent/freetype-build/CMakeFiles/freetype.dir/src/cache/ftcache.c.obj [59/259] Building C object D:/a/tasksmack/tasksmack/.cache/fetchcontent/freetype-build/CMakeFiles/freetype.dir/src/cff/cff.c.obj [60/259] Building C object D:/a/tasksmack/tasksmack/.cache/fetchcontent/freetype-build/CMakeFiles/freetype.dir/src/gzip/ftgzip.c.obj [61/259] Building C object D:/a/tasksmack/tasksmack/.cache/fetchcontent/freetype-build/CMakeFiles/freetype.dir/src/cid/type1cid.c.obj [62/259] Building C object D:/a/tasksmack/tasksmack/.cache/fetchcontent/freetype-build/CMakeFiles/freetype.dir/src/pcf/pcf.c.obj [63/259] Building C object D:/a/tasksmack/tasksmack/.cache/fetchcontent/freetype-build/CMakeFiles/freetype.dir/src/lzw/ftlzw.c.obj [64/259] Building C object D:/a/tasksmack/tasksmack/.cache/fetchcontent/freetype-build/CMakeFiles/freetype.dir/src/pfr/pfr.c.obj [65/259] Building C object D:/a/tasksmack/tasksmack/.cache/fetchcontent/freetype-build/CMakeFiles/freetype.dir/src/psaux/psaux.c.obj [66/259] Building C object D:/a/tasksmack/tasksmack/.cache/fetchcontent/freetype-build/CMakeFiles/freetype.dir/src/pshinter/pshinter.c.obj [67/259] Building C object D:/a/tasksmack/tasksmack/.cache/fetchcontent/freetype-build/CMakeFiles/freetype.dir/src/psnames/psnames.c.obj [68/259] Building C object D:/a/tasksmack/tasksmack/.cache/fetchcontent/freetype-build/CMakeFiles/freetype.dir/src/raster/raster.c.obj [69/259] Building C object D:/a/tasksmack/tasksmack/.cache/fetchcontent/freetype-build/CMakeFiles/freetype.dir/src/smooth/smooth.c.obj [70/259] Building C object D:/a/tasksmack/tasksmack/.cache/fetchcontent/freetype-build/CMakeFiles/freetype.dir/src/sfnt/sfnt.c.obj [71/259] Building C object D:/a/tasksmack/tasksmack/.cache/fetchcontent/freetype-build/CMakeFiles/freetype.dir/src/sdf/sdf.c.obj [72/259] Building C object D:/a/tasksmack/tasksmack/.cache/fetchcontent/freetype-build/CMakeFiles/freetype.dir/src/truetype/truetype.c.obj [73/259] Building C object D:/a/tasksmack/tasksmack/.cache/fetchcontent/freetype-build/CMakeFiles/freetype.dir/src/svg/svg.c.obj [74/259] Building C object D:/a/tasksmack/tasksmack/.cache/fetchcontent/freetype-build/CMakeFiles/freetype.dir/src/type1/type1.c.obj [75/259] Building C object D:/a/tasksmack/tasksmack/.cache/fetchcontent/freetype-build/CMakeFiles/freetype.dir/src/winfonts/winfnt.c.obj [76/259] Building C object D:/a/tasksmack/tasksmack/.cache/fetchcontent/freetype-build/CMakeFiles/freetype.dir/src/type42/type42.c.obj [77/259] Building C object D:/a/tasksmack/tasksmack/.cache/fetchcontent/freetype-build/CMakeFiles/freetype.dir/builds/windows/ftdebug.c.obj [78/259] Building C object D:/a/tasksmack/tasksmack/.cache/fetchcontent/freetype-build/CMakeFiles/freetype.dir/builds/windows/ftsystem.c.obj [79/259] Building RC object D:/a/tasksmack/tasksmack/.cache/fetchcontent/freetype-build/CMakeFiles/freetype.dir/src/base/ftver.rc.res [80/259] Linking C static library glad_gl_core_33.lib [81/259] Building CXX object CMakeFiles/imgui_lib.dir/.cache/fetchcontent/imgui-src/imgui_demo.cpp.obj [82/259] Building CXX object CMakeFiles/imgui_lib.dir/.cache/fetchcontent/imgui-src/imgui_tables.cpp.obj [83/259] Building CXX object CMakeFiles/imgui_lib.dir/.cache/fetchcontent/imgui-src/imgui.cpp.obj [84/259] Building CXX object CMakeFiles/imgui_lib.dir/.cache/fetchcontent/imgui-src/imgui_draw.cpp.obj [85/259] Building CXX object CMakeFiles/imgui_lib.dir/.cache/fetchcontent/imgui-src/backends/imgui_impl_glfw.cpp.obj [86/259] Building CXX object CMakeFiles/imgui_lib.dir/.cache/fetchcontent/imgui-src/imgui_widgets.cpp.obj [87/259] Building CXX object CMakeFiles/imgui_lib.dir/.cache/fetchcontent/imgui-src/misc/cpp/imgui_stdlib.cpp.obj [88/259] Building CXX object CMakeFiles/imgui_lib.dir/.cache/fetchcontent/imgui-src/backends/imgui_impl_opengl3.cpp.obj [89/259] Generating CXX dyndep file CMakeFiles/implot_lib.dir/CXX.dd [90/259] Building CXX object CMakeFiles/imgui_lib.dir/.cache/fetchcontent/imgui-src/misc/freetype/imgui_freetype.cpp.obj [91/259] Building CXX object D:/a/tasksmack/tasksmack/.cache/fetchcontent/googletest-build/googletest/CMakeFiles/gtest.dir/src/gtest-all.cc.obj [92/259] Linking C static library D:\a\tasksmack\tasksmack\.cache\fetchcontent\freetype-build\freetype.lib [93/259] Building CXX object CMakeFiles/implot_lib.dir/.cache/fetchcontent/implot-src/implot.cpp.obj [94/259] Linking C static library D:\a\tasksmack\tasksmack\.cache\fetchcontent\glfw3-build\src\glfw3.lib [95/259] Building CXX object CMakeFiles/implot_lib.dir/.cache/fetchcontent/implot-src/implot_items.cpp.obj [96/259] Building CXX object CMakeFiles/implot_lib.dir/.cache/fetchcontent/implot-src/implot_demo.cpp.obj [97/259] Building CXX object D:/a/tasksmack/tasksmack/.cache/fetchcontent/googletest-build/googlemock/CMakeFiles/gmock.dir/src/gmock-all.cc.obj [98/259] Building CXX object D:/a/tasksmack/tasksmack/.cache/fetchcontent/googletest-build/googletest/CMakeFiles/gtest_main.dir/src/gtest_main.cc.obj [99/259] Building RC object CMakeFiles/TaskSmack.dir/tasksmack.rc.res [100/259] Linking CXX static library imgui_lib.lib [101/259] Linking CXX static library lib\gtest.lib [102/259] Building CXX object CMakeFiles/TaskSmack.dir/cmake_pch.hxx.pch [103/259] Building CXX object D:/a/tasksmack/tasksmack/.cache/fetchcontent/spdlog-build/CMakeFiles/spdlog.dir/src/spdlog.cpp.obj [104/259] Building CXX object D:/a/tasksmack/tasksmack/.cache/fetchcontent/spdlog-build/CMakeFiles/spdlog.dir/src/stdout_sinks.cpp.obj [105/259] Building CXX object D:/a/tasksmack/tasksmack/.cache/fetchcontent/spdlog-build/CMakeFiles/spdlog.dir/src/color_sinks.cpp.obj [106/259] Linking CXX static library implot_lib.lib [107/259] Scanning D:/a/tasksmack/tasksmack/src/main.cpp for CXX dependencies [108/259] Building CXX object tests/CMakeFiles/TaskSmackTests.dir/cmake_pch.hxx.pch [109/259] Scanning D:/a/tasksmack/tasksmack/src/Core/Application.cpp for CXX dependencies [110/259] Scanning D:/a/tasksmack/tasksmack/src/Core/Window.cpp for CXX dependencies [111/259] Scanning D:/a/tasksmack/tasksmack/src/UI/UILayer.cpp for CXX dependencies [112/259] Scanning D:/a/tasksmack/tasksmack/src/UI/Theme.cpp for CXX dependencies [113/259] Scanning D:/a/tasksmack/tasksmack/src/UI/ThemeLoader.cpp for CXX dependencies [114/259] Scanning D:/a/tasksmack/tasksmack/src/UI/IconLoader.cpp for CXX dependencies [115/259] Scanning D:/a/tasksmack/tasksmack/src/App/AboutLayer.cpp for CXX dependencies [116/259] Scanning D:/a/tasksmack/tasksmack/src/App/ShellLayer.cpp for CXX dependencies [117/259] Scanning D:/a/tasksmack/tasksmack/src/App/Panels/ProcessesPanel.cpp for CXX dependencies [118/259] Scanning D:/a/tasksmack/tasksmack/src/App/UserConfig.cpp for CXX dependencies [119/259] Scanning D:/a/tasksmack/tasksmack/src/App/Panels/ProcessDetailsPanel.cpp for CXX dependencies [120/259] Scanning D:/a/tasksmack/tasksmack/src/App/Panels/SystemMetricsPanel.cpp for CXX dependencies [121/259] Scanning D:/a/tasksmack/tasksmack/src/Domain/ProcessModel.cpp for CXX dependencies [122/259] Scanning D:/a/tasksmack/tasksmack/src/Domain/BackgroundSampler.cpp for CXX dependencies [123/259] Scanning D:/a/tasksmack/tasksmack/src/Domain/SystemModel.cpp for CXX dependencies [124/259] Scanning D:/a/tasksmack/tasksmack/src/Domain/StorageModel.cpp for CXX dependencies [125/259] Scanning D:/a/tasksmack/tasksmack/src/Domain/GPUModel.cpp for CXX dependencies [126/259] Scanning D:/a/tasksmack/tasksmack/src/Platform/Windows/WindowsProcessActions.cpp for CXX dependencies [127/259] Scanning D:/a/tasksmack/tasksmack/src/Platform/Windows/WindowsSystemProbe.cpp for CXX dependencies [128/259] Scanning D:/a/tasksmack/tasksmack/src/Platform/Windows/WindowsProcessProbe.cpp for CXX dependencies [129/259] Scanning D:/a/tasksmack/tasksmack/src/Platform/Windows/WindowsDiskProbe.cpp for CXX dependencies [130/259] Scanning D:/a/tasksmack/tasksmack/src/Platform/Windows/WindowsPathProvider.cpp for CXX dependencies [131/259] Scanning D:/a/tasksmack/tasksmack/src/Platform/Windows/WindowsPowerProbe.cpp for CXX dependencies [132/259] Scanning D:/a/tasksmack/tasksmack/src/Platform/Windows/WindowsGPUProbe.cpp for CXX dependencies [133/259] Scanning D:/a/tasksmack/tasksmack/src/Platform/Windows/D3DKMTGPUProbe.cpp for CXX dependencies [134/259] Scanning D:/a/tasksmack/tasksmack/src/Platform/Windows/DXGIGPUProbe.cpp for CXX dependencies [135/259] Scanning D:/a/tasksmack/tasksmack/src/Platform/Windows/NVMLGPUProbe.cpp for CXX dependencies [136/259] Scanning D:/a/tasksmack/tasksmack/src/Platform/Windows/WinString.cpp for CXX dependencies [137/259] Scanning D:/a/tasksmack/tasksmack/src/Platform/Windows/Factory.cpp for CXX dependencies [138/259] Scanning D:/a/tasksmack/tasksmack/tests/Domain/test_History.cpp for CXX dependencies [139/259] Scanning D:/a/tasksmack/tasksmack/tests/test_main.cpp for CXX dependencies [140/259] Scanning D:/a/tasksmack/tasksmack/tests/Domain/test_ProcessModel.cpp for CXX dependencies [141/259] Scanning D:/a/tasksmack/tasksmack/tests/Domain/test_ProcessStatus.cpp for CXX dependencies [142/259] Scanning D:/a/tasksmack/tasksmack/tests/Domain/test_GPUModel.cpp for CXX dependencies [143/259] Scanning D:/a/tasksmack/tasksmack/tests/Domain/test_StorageModel.cpp for CXX dependencies [144/259] Scanning D:/a/tasksmack/tasksmack/tests/Domain/test_SystemModel.cpp for CXX dependencies [145/259] Scanning D:/a/tasksmack/tasksmack/tests/Domain/test_PriorityConfig.cpp for CXX dependencies [146/259] Scanning D:/a/tasksmack/tasksmack/tests/Domain/test_BackgroundSampler.cpp for CXX dependencies [147/259] Scanning D:/a/tasksmack/tasksmack/tests/UI/test_Format.cpp for CXX dependencies [148/259] Scanning D:/a/tasksmack/tasksmack/tests/UI/test_HistoryWidgets.cpp for CXX dependencies [149/259] Scanning D:/a/tasksmack/tasksmack/tests/App/test_ProcessColumnConfig.cpp for CXX dependencies [150/259] Scanning D:/a/tasksmack/tasksmack/tests/Platform/test_ProcessProbeContract.cpp for CXX dependencies [151/259] Scanning D:/a/tasksmack/tasksmack/tests/Platform/test_ProcessActionsContract.cpp for CXX dependencies [152/259] Scanning D:/a/tasksmack/tasksmack/tests/Platform/test_SystemProbeContract.cpp for CXX dependencies [153/259] Scanning D:/a/tasksmack/tasksmack/tests/Platform/test_PathProviderContract.cpp for CXX dependencies [154/259] Scanning D:/a/tasksmack/tasksmack/tests/Platform/test_PowerProbeContract.cpp for CXX dependencies [155/259] Scanning D:/a/tasksmack/tasksmack/tests/Platform/test_WindowsProcessProbe.cpp for CXX dependencies [156/259] Scanning D:/a/tasksmack/tasksmack/tests/Platform/test_WindowsProcessActions.cpp for CXX dependencies [157/259] Scanning D:/a/tasksmack/tasksmack/tests/Platform/test_WindowsSystemProbe.cpp for CXX dependencies [158/259] Scanning D:/a/tasksmack/tasksmack/tests/Platform/test_WindowsDiskProbe.cpp for CXX dependencies [159/259] Scanning D:/a/tasksmack/tasksmack/tests/Platform/test_WindowsPathProvider.cpp for CXX dependencies [160/259] Scanning D:/a/tasksmack/tasksmack/tests/Platform/test_WindowsPowerProbe.cpp for CXX dependencies [161/259] Scanning D:/a/tasksmack/tasksmack/tests/Integration/test_CrossLayer.cpp for CXX dependencies [162/259] Scanning D:/a/tasksmack/tasksmack/tests/Integration/test_WindowsRealProbes.cpp for CXX dependencies [163/259] Scanning D:/a/tasksmack/tasksmack/src/Domain/ProcessModel.cpp for CXX dependencies [164/259] Scanning D:/a/tasksmack/tasksmack/src/Domain/GPUModel.cpp for CXX dependencies [165/259] Scanning D:/a/tasksmack/tasksmack/src/Domain/SystemModel.cpp for CXX dependencies [166/259] Scanning D:/a/tasksmack/tasksmack/src/Domain/StorageModel.cpp for CXX dependencies [167/259] Scanning D:/a/tasksmack/tasksmack/src/Domain/BackgroundSampler.cpp for CXX dependencies [168/259] Scanning D:/a/tasksmack/tasksmack/src/Platform/Windows/WindowsProcessProbe.cpp for CXX dependencies [169/259] Scanning D:/a/tasksmack/tasksmack/src/Platform/Windows/Factory.cpp for CXX dependencies [170/259] Scanning D:/a/tasksmack/tasksmack/src/Platform/Windows/WindowsSystemProbe.cpp for CXX dependencies [171/259] Scanning D:/a/tasksmack/tasksmack/src/Platform/Windows/WindowsProcessActions.cpp for CXX dependencies [172/259] Scanning D:/a/tasksmack/tasksmack/src/Platform/Windows/WindowsDiskProbe.cpp for CXX dependencies [173/259] Scanning D:/a/tasksmack/tasksmack/src/Platform/Windows/WindowsPathProvider.cpp for CXX dependencies [174/259] Generating CXX dyndep file CMakeFiles/TaskSmack.dir/CXX.dd [175/259] Scanning D:/a/tasksmack/tasksmack/src/Platform/Windows/WindowsGPUProbe.cpp for CXX dependencies [176/259] Scanning D:/a/tasksmack/tasksmack/src/Platform/Windows/WindowsPowerProbe.cpp for CXX dependencies [177/259] Building CXX object D:/a/tasksmack/tasksmack/.cache/fetchcontent/spdlog-build/CMakeFiles/spdlog.dir/src/file_sinks.cpp.obj [178/259] Building CXX object D:/a/tasksmack/tasksmack/.cache/fetchcontent/spdlog-build/CMakeFiles/spdlog.dir/src/async.cpp.obj [179/259] Scanning D:/a/tasksmack/tasksmack/src/Platform/Windows/WinString.cpp for CXX dependencies [180/259] Generating CXX dyndep file tests/CMakeFiles/TaskSmackTests.dir/CXX.dd [181/259] Building CXX object CMakeFiles/TaskSmack.dir/src/Core/Window.cpp.obj [182/259] Building CXX object CMakeFiles/TaskSmack.dir/src/Core/Application.cpp.obj [183/259] Building CXX object CMakeFiles/TaskSmack.dir/src/main.cpp.obj [184/259] Building CXX object CMakeFiles/TaskSmack.dir/src/UI/UILayer.cpp.obj [185/259] Building CXX object CMakeFiles/TaskSmack.dir/src/UI/Theme.cpp.obj [186/259] Building CXX object CMakeFiles/TaskSmack.dir/src/UI/ThemeLoader.cpp.obj [187/259] Building CXX object CMakeFiles/TaskSmack.dir/src/App/AboutLayer.cpp.obj [188/259] Building CXX object CMakeFiles/TaskSmack.dir/src/App/ShellLayer.cpp.obj [189/259] Building CXX object CMakeFiles/TaskSmack.dir/src/UI/IconLoader.cpp.obj [190/259] Building CXX object CMakeFiles/TaskSmack.dir/src/App/Panels/ProcessesPanel.cpp.obj [191/259] Building CXX object CMakeFiles/TaskSmack.dir/src/App/UserConfig.cpp.obj [192/259] Building CXX object CMakeFiles/TaskSmack.dir/src/Domain/BackgroundSampler.cpp.obj [193/259] Building CXX object CMakeFiles/TaskSmack.dir/src/Domain/ProcessModel.cpp.obj [194/259] Building CXX object CMakeFiles/TaskSmack.dir/src/App/Panels/ProcessDetailsPanel.cpp.obj [195/259] Building CXX object CMakeFiles/TaskSmack.dir/src/App/Panels/SystemMetricsPanel.cpp.obj [196/259] Building CXX object CMakeFiles/TaskSmack.dir/src/Domain/SystemModel.cpp.obj [197/259] Building CXX object CMakeFiles/TaskSmack.dir/src/Domain/StorageModel.cpp.obj [198/259] Building CXX object CMakeFiles/TaskSmack.dir/src/Platform/Windows/WindowsProcessActions.cpp.obj [199/259] Building CXX object CMakeFiles/TaskSmack.dir/src/Platform/Windows/WindowsProcessProbe.cpp.obj [200/259] Building CXX object CMakeFiles/TaskSmack.dir/src/Domain/GPUModel.cpp.obj [201/259] Building CXX object CMakeFiles/TaskSmack.dir/src/Platform/Windows/WindowsSystemProbe.cpp.obj [202/259] Building CXX object CMakeFiles/TaskSmack.dir/src/Platform/Windows/WindowsPathProvider.cpp.obj [203/259] Building CXX object CMakeFiles/TaskSmack.dir/src/Platform/Windows/WindowsDiskProbe.cpp.obj [204/259] Building CXX object CMakeFiles/TaskSmack.dir/src/Platform/Windows/DXGIGPUProbe.cpp.obj FAILED: [code=1] CMakeFiles/TaskSmack.dir/src/Platform/Windows/DXGIGPUProbe.cpp.obj C:\ProgramData\chocolatey\bin\ccache.exe C:\PROGRA~1\LLVM\bin\CLANG_~1.EXE -DIMGUI_ENABLE_FREETYPE -DIMGUI_IMPL_OPENGL_LOADER_GLAD2 -DNOMINMAX -DSPDLOG_USE_STD_FORMAT -DWIN32_LEAN_AND_MEAN -D_SILENCE_STDEXT_ARR_ITERS_DEPRECATION_WARNING -ID:/a/tasksmack/tasksmack/src -ID:/a/tasksmack/tasksmack/build/win-release/generated -ID:/a/tasksmack/tasksmack/.cache/fetchcontent/stb-src -ID:/a/tasksmack/tasksmack/.cache/fetchcontent/glfw3-src/include -ID:/a/tasksmack/tasksmack/build/win-release/gladsources/glad_gl_core_33/include -ID:/a/tasksmack/tasksmack/.cache/fetchcontent/freetype-build/include -ID:/a/tasksmack/tasksmack/.cache/fetchcontent/freetype-src/include -isystem D:/a/tasksmack/tasksmack/.cache/fetchcontent/spdlog-src/include -isystem D:/a/tasksmack/tasksmack/.cache/fetchcontent/imgui-src -isystem D:/a/tasksmack/tasksmack/.cache/fetchcontent/imgui-src/backends -isystem D:/a/tasksmack/tasksmack/.cache/fetchcontent/imgui-src/misc/cpp -isystem D:/a/tasksmack/tasksmack/.cache/fetchcontent/imgui-src/misc/freetype -isystem D:/a/tasksmack/tasksmack/.cache/fetchcontent/implot-src -isystem D:/a/tasksmack/tasksmack/.cache/fetchcontent/tomlplusplus-src/include -O3 -DNDEBUG -std=c++23 -D_DLL -D_MT -Xclang --dependent-lib=msvcrt -flto=thin -Wall -Wextra -Wpedantic -Wconversion -Wsign-conversion -Wshadow -Wnon-virtual-dtor -Woverloaded-virtual -Wformat=2 -Wimplicit-fallthrough -Wnull-dereference -Wdouble-promotion -Wcast-align -Wundef -Werror=return-type -Werror -Wno-unknown-pragmas -Wno-nonportable-system-include-path -Xclang -include-pch -Xclang D:/a/tasksmack/tasksmack/build/win-release/CMakeFiles/TaskSmack.dir/cmake_pch.hxx.pch -Xclang -include -Xclang D:/a/tasksmack/tasksmack/build/win-release/CMakeFiles/TaskSmack.dir/cmake_pch.hxx -MD -MT CMakeFiles/TaskSmack.dir/src/Platform/Windows/DXGIGPUProbe.cpp.obj -MF CMakeFiles\TaskSmack.dir\src\Platform\Windows\DXGIGPUProbe.cpp.obj.d @CMakeFiles\TaskSmack.dir\src\Platform\Windows\DXGIGPUProbe.cpp.obj.modmap -o CMakeFiles/TaskSmack.dir/src/Platform/Windows/DXGIGPUProbe.cpp.obj -c D:/a/tasksmack/tasksmack/src/Platform/Windows/DXGIGPUProbe.cpp D:/a/tasksmack/tasksmack/src/Platform/Windows/DXGIGPUProbe.cpp:64:37: error: extension used [-Werror,-Wlanguage-extension-token] 64 | HRESULT hr = CreateDXGIFactory1(__uuidof(IDXGIFactory1), reinterpret_cast<void**>(&m_Factory)); | ^ D:/a/tasksmack/tasksmack/src/Platform/Windows/DXGIGPUProbe.cpp:247:46: error: extension used [-Werror,-Wlanguage-extension-token] 247 | hr = adapter->QueryInterface(__uuidof(IDXGIAdapter3), reinterpret_cast<void**>(&adapter3)); | ^ 2 errors generated. [205/259] Building CXX object CMakeFiles/TaskSmack.dir/src/Platform/Windows/D3DKMTGPUProbe.cpp.obj FAILED: [code=1] CMakeFiles/TaskSmack.dir/src/Platform/Windows/D3DKMTGPUProbe.cpp.obj C:\ProgramData\chocolatey\bin\ccache.exe C:\PROGRA~1\LLVM\bin\CLANG_~1.EXE -DIMGUI_ENABLE_FREETYPE -DIMGUI_IMPL_OPENGL_LOADER_GLAD2 -DNOMINMAX -DSPDLOG_USE_STD_FORMAT -DWIN32_LEAN_AND_MEAN -D_SILENCE_STDEXT_ARR_ITERS_DEPRECATION_WARNING -ID:/a/tasksmack/tasksmack/src -ID:/a/tasksmack/tasksmack/build/win-release/generated -ID:/a/tasksmack/tasksmack/.cache/fetchcontent/stb-src -ID:/a/tasksmack/tasksmack/.cache/fetchcontent/glfw3-src/include -ID:/a/tasksmack/tasksmack/build/win-release/gladsources/glad_gl_core_33/include -ID:/a/tasksmack/tasksmack/.cache/fetchcontent/freetype-build/include -ID:/a/tasksmack/tasksmack/.cache/fetchcontent/freetype-src/include -isystem D:/a/tasksmack/tasksmack/.cache/fetchcontent/spdlog-src/include -isystem D:/a/tasksmack/tasksmack/.cache/fetchcontent/imgui-src -isystem D:/a/tasksmack/tasksmack/.cache/fetchcontent/imgui-src/backends -isystem D:/a/tasksmack/tasksmack/.cache/fetchcontent/imgui-src/misc/cpp -isystem D:/a/tasksmack/tasksmack/.cache/fetchcontent/imgui-src/misc/freetype -isystem D:/a/tasksmack/tasksmack/.cache/fetchcontent/implot-src -isystem D:/a/tasksmack/tasksmack/.cache/fetchcontent/tomlplusplus-src/include -O3 -DNDEBUG -std=c++23 -D_DLL -D_MT -Xclang --dependent-lib=msvcrt -flto=thin -Wall -Wextra -Wpedantic -Wconversion -Wsign-conversion -Wshadow -Wnon-virtual-dtor -Woverloaded-virtual -Wformat=2 -Wimplicit-fallthrough -Wnull-dereference -Wdouble-promotion -Wcast-align -Wundef -Werror=return-type -Werror -Wno-unknown-pragmas -Wno-nonportable-system-include-path -Xclang -include-pch -Xclang D:/a/tasksmack/tasksmack/build/win-release/CMakeFiles/TaskSmack.dir/cmake_pch.hxx.pch -Xclang -include -Xclang D:/a/tasksmack/tasksmack/build/win-release/CMakeFiles/TaskSmack.dir/cmake_pch.hxx -MD -MT CMakeFiles/TaskSmack.dir/src/Platform/Windows/D3DKMTGPUProbe.cpp.obj -MF CMakeFiles\TaskSmack.dir\src\Platform\Windows\D3DKMTGPUProbe.cpp.obj.d @CMakeFiles\TaskSmack.dir\src\Platform\Windows\D3DKMTGPUProbe.cpp.obj.modmap -o CMakeFiles/TaskSmack.dir/src/Platform/Windows/D3DKMTGPUProbe.cpp.obj -c D:/a/tasksmack/tasksmack/src/Platform/Windows/D3DKMTGPUProbe.cpp D:/a/tasksmack/tasksmack/src/Platform/Windows/D3DKMTGPUProbe.cpp:68:9: error: anonymous types declared in an anonymous union are an extension [-Werror,-Wnested-anon-types] 68 | struct | ^ D:/a/tasksmack/tasksmack/src/Platform/Windows/D3DKMTGPUProbe.cpp:120:37: error: extension used [-Werror,-Wlanguage-extension-token] 120 | HRESULT hr = CreateDXGIFactory1(__uuidof(IDXGIFactory1), reinterpret_cast<void**>(&factory)); | ^ 2 errors generated. [206/259] Building CXX object CMakeFiles/TaskSmack.dir/src/Platform/Windows/WinString.cpp.obj [207/259] Building CXX object CMakeFiles/TaskSmack.dir/src/Platform/Windows/WindowsPowerProbe.cpp.obj [208/259] Building CXX object CMakeFiles/TaskSmack.dir/src/Platform/Windows/WindowsGPUProbe.cpp.obj [209/259] Building CXX object CMakeFiles/TaskSmack.dir/src/Platform/Windows/NVMLGPUProbe.cpp.obj ninja: build stopped: subcommand failed. Error: Process completed with exit code 1.",continued_delegation,continued_delegation,moves to unrelated tasks
carstenartur/eclipse.jdt.ui#43:issue_comment:3703270016,carstenartur,other_commenter,early,@copilot Is it possible to support parametrized tests in some cases?,@copilot in the test view each parametrized test is shown as a separate entry. Would it be possible to switch off a single entry there too?,"@copilot What about adding another context menu for parametrized test values to offer to filter a testcase instead using ""names""? https://sngermiyanoglu.medium.com/using-junit-5-parameterized-tests-with-enumsource-1fcb45f52171","@copilot it looks like the annotation is added to the wrong location. A result looks like this: package dafgg; import static org.junit.jupiter.api.Assertions.*; import org.junit.jupiter.api.Disabled; import org.junit.@Disabled jupiter.api.Test; class fghsfh { @Test void test() { fail(""Not yet implemented""); } }",continued_delegation,continued_delegation,more parametrized-test questions added
bberardi/finance-calculator#27:issue_comment:3701342255,bberardi,reviewer,middle,"@copilot pull the main branch into this working branch, it includes an update to implement unique ids",@copilot apply changes based on the comments in [this thread](https://github.com/bberardi/finance-calculator/pull/27#pullrequestreview-3620208507),@copilot shouldn't it only return 30 years from today only if there are investments present?,"@copilot when adding an investment, update it to add a growth schedule for a default of 30 years",continued_delegation,continued_delegation,adds new task (growth schedule)
dbosk/ladok3#122:review:3621473893,dbosk,reviewer,early,@copilot please add logging to the API calls too. I want debug logging for which requests are made to Ladok. I want info level logging for cache hits and misses.,"@copilot this will not work. Only misses can be logged like this. Since the method will not run for a cache hit. But that is fine, can't do better anyways.",@copilot same here. Only useful for logging cache misses. Cachetools takes all the hits.,And here.,corrective_critique,corrective_critique,tells copilot 'this will not work'
Open-J-Proxy/ojp#196:issue_comment:3701792517,rrobetti,other_commenter,early,"@copilot DB2 tests are still not working. Check what is different between what you are trying to do here and the existing DB2 tests that work. Just answer, don't change code.","@copilot remove test containers completely from the new DB2 tests you are creating, follow the existing way you found that does not use containers.","@copilot [INFO] Results: [INFO] Error: Failures: Error: DB2XABasicTest.testXAConnectionCreation:141 Auto-commit should be disabled for XA connections ==> expected: <false> but was: <true> Error: Errors: Error: DB2XABasicTest.testBasicXATransactionLifecycle:176 » SqlSyntaxError DB2 SQL Error: SQLCODE=-206, SQLSTATE=42703, SQLERRMC=TEST_NAME, DRIVER=4.33.31 Error: DB2XABasicTest.testOnePhaseCommitOptimization:249 » SqlSyntaxError DB2 SQL Error: SQLCODE=-206, SQLSTATE=42703, SQLERRMC=TEST_NAME, DRIVER=4.33.31 Error: DB2XABasicTest.testReadOnlyTransactionOptimization:283 » SqlSyntaxError DB2 SQL Error: SQLCODE=-206, SQLSTATE=42703, SQLERRMC=TEST_NAME, DRIVER=4.33.31 Error: DB2XABasicTest.testTransactionBranchJoining:384 » SqlNonTransientConnection [jcc][10335][10809][4.33.31] Invalid operation: Connection is closed. ERRORCODE=-4470, SQLSTATE=08003 Error: DB2XABasicTest.testTransactionFailureMarking:440 » SqlSyntaxError DB2 SQL Error: SQLCODE=-206, SQLSTATE=42703, SQLERRMC=TEST_NAME, DRIVER=4.33.31 Error: DB2XABasicTest.testTransactionSuspensionAndResumption:335 » SqlSyntaxError DB2 SQL Error: SQLCODE=-206, SQLSTATE=42703, SQLERRMC=TEST_NAME, DRIVER=4.33.31 Error: DB2XABasicTest.testXATransactionRollback:214 » SqlSyntaxError DB2 SQL Error: SQLCODE=-206, SQLSTATE=42703, SQLERRMC=TEST_NAME, DRIVER=4.33.31 [INFO] Error: Tests run: 933, Failures: 1, Errors: 7, Skipped: 675","@copilot [INFO] Results: [INFO] Error: Errors: Error: DB2XABasicTest.testBasicXATransactionLifecycle:179 » SqlSyntaxError DB2 SQL Error: SQLCODE=-206, SQLSTATE=42703, SQLERRMC=TEST_NAME, DRIVER=4.33.31 Error: DB2XABasicTest.testOnePhaseCommitOptimization:252 » SqlSyntaxError DB2 SQL Error: SQLCODE=-206, SQLSTATE=42703, SQLERRMC=TEST_NAME, DRIVER=4.33.31 Error: DB2XABasicTest.testReadOnlyTransactionOptimization:286 » SqlSyntaxError DB2 SQL Error: SQLCODE=-206, SQLSTATE=42703, SQLERRMC=TEST_NAME, DRIVER=4.33.31 Error: DB2XABasicTest.testTransactionBranchJoining:387 » SqlNonTransientConnection [jcc][10335][10809][4.33.31] Invalid operation: Connection is closed. ERRORCODE=-4470, SQLSTATE=08003 Error: DB2XABasicTest.testTransactionFailureMarking:443 » SqlSyntaxError DB2 SQL Error: SQLCODE=-206, SQLSTATE=42703, SQLERRMC=TEST_NAME, DRIVER=4.33.31 Error: DB2XABasicTest.testTransactionSuspensionAndResumption:338 » SqlSyntaxError DB2 SQL Error: SQLCODE=-206, SQLSTATE=42703, SQLERRMC=TEST_NAME, DRIVER=4.33.31 Error: DB2XABasicTest.testXATransactionRollback:217 » SqlSyntaxError DB2 SQL Error: SQLCODE=-206, SQLSTATE=42703, SQLERRMC=TEST_NAME, DRIVER=4.33.31 [INFO] Error: Tests run: 933, Failures: 0, Errors: 7, Skipped: 675",corrective_critique,corrective_critique,reports continued failures
strawgate/kb-yaml-to-lens#467:issue_comment:3703294572,strawgate,author,middle,@claude can you address the pr feedback?,"@claude e2e tests are failing, ``` CodeExpectedError: Unable to write to User Settings because test.yamlDashboard.kibana.username is not a registered configuration. ``` among other things, can you please review/address?","@graphaelli <img width=""1542"" height=""457"" alt=""iterate_in_vscode"" src=""https://github.com/user-attachments/assets/cc4cf497-56ad-4929-8b7b-c7a9e2bc531c"" /> Open in Kibana can use built-in browser or external browser.",@claude can we prompt for the server url and api key the first time you press upload to kibana? otherwise you just get an error that it failed to go to localhost. Can we have a check option for upload to kibana on save as well?,corrective_critique,continued_delegation,asks @claude to address e2e failures + new feature
karlokarate/FishIT-Player#543:issue_comment:3702946302,karlokarate,reviewer,late,"@copilot Make Xtream hardening PR mergeable without changing behavior. 1) Confirm XtreamPlaybackSourceFactoryImplTest failures are pre-existing and unrelated. 2) Fix the test parameters/expectations to match current APIs (preferred), WITHOUT changing production logic. 3) If immediate fix is not possible: - Disable the failing test with @Ignore/@Disabled - Add a short reason + link to a new GitHub issue - Ensure CI is green. Acceptance: - ./gradlew test is green (or only the quarantined test is excluded with an issue link). - No production behavior changes in Xtream playback hardening.","@copilot Cleanup disabled XtreamPlaybackSourceFactoryImplTest: - Replace filename-based disabling with @Disabled + short reason + issue link, OR delete the test file if it is obsolete. - Ensure CI remains green.",,,corrective_critique,continued_delegation,follow-up adds cleanup task
Stage4000/420th#1:issue_comment:3703158912,Stage4000,other_commenter,early,"@copilot on admin.php change the 'User Management' title card to something like 'Settings'. Make the manage roles modal scroll bar look better instead of just default, might as well do it to all scroll bars. Make navbar collapse on mobile and make tables work better on mobile.",@copilot I am getting the following error when trying to add or remove a role from a user: users.php:539 Error toggling role: Error: Server returned an error at users.php:507:27 No resource with given URL found,"@copilot ""Configure role aliases and automatic role linking"" should be white text. When the role select modal is closed refresh the page so role badges update. On the dashboard remove ""Panel Administrator Access: You have administrative privileges to manage users and roles."" and the button to access the admin panel since it is now in nav. On the dashboard user card, center text in the card and add the user's avatar above the text. On the dashboard whitelist status add a message that the user may need to reconnect to the game in order for the whitelist changes to take effect. Only show this note when the user is already whitelisted.",@copilot saving aliases doesn't work anymore.,corrective_critique,corrective_critique,reports new errors after copilot's changes
Open-J-Proxy/ojp#196:issue_comment:3702113071,rrobetti,other_commenter,early,"@copilot [INFO] Results: [INFO] Error: Errors: Error: DB2XABasicTest.testTransactionBranchJoining:387 » SqlNonTransientConnection [jcc][10335][10809][4.33.31] Invalid operation: Connection is closed. ERRORCODE=-4470, SQLSTATE=08003 Error: DB2XABasicTest.testTransactionFailureMarking:447 » Xa [jcc][t4][10401][12066][4.33.31] XA exception: XA_RBROLLBACK ERRORCODE=-4228, SQLSTATE=null [INFO] Error: Tests run: 933, Failures: 0, Errors: 2, Skipped: 675","@copilot Error: Errors: Error: DB2XABasicTest.testTransactionFailureMarking:452 » Xa [jcc][t4][10401][12066][4.33.31] XA exception: XA_RBROLLBACK ERRORCODE=-4228, SQLSTATE=null [INFO] Error: Tests run: 933, Failures: 0, Errors: 1, Skipped: 676","@copilot now focus on fixing SQL server tests, remember that SQL server already have working integration tests using test containers. [sqlServerRawLogs.txt](https://github.com/user-attachments/files/24394883/sqlServerRawLogs.txt)","@copilot tests are failing for the exact same reasons as before, stop messing and fix this. PRINT '========================================'; PRINT 'SQL Server XA Setup Complete'; PRINT '========================================'; PRINT 'Database: xatestdb'; PRINT 'Test Table: xa_test_baseline'; PRINT 'Test Sequence: xa_test_seq'; PRINT 'XA Support: Enabled'; PRINT '========================================'; GO at org.testcontainers.jdbc.JdbcDatabaseDelegate.execute(JdbcDatabaseDelegate.java:59) at org.testcontainers.delegate.AbstractDatabaseDelegate.execute(AbstractDatabaseDelegate.java:38) at org.testcontainers.ext.ScriptUtils.executeDatabaseScript(ScriptUtils.java:307) ... 27 more Caused by: com.microsoft.sqlserver.jdbc.SQLServerException: Incorrect syntax near 'GO'. at com.microsoft.sqlserver.jdbc.SQLServerException.makeFromDatabaseError(SQLServerException.java:270) at com.microsoft.sqlserver.jdbc.SQLServerStatement.getNextResult(SQLServerStatement.java:1735) at com.microsoft.sqlserver.jdbc.SQLServerStatement.doExecuteStatement(SQLServerStatement.java:929) at com.microsoft.sqlserver.jdbc.SQLServerStatement$StmtExecCmd.doExecute(SQLServerStatement.java:823) at com.microsoft.sqlserver.jdbc.TDSCommand.execute(IOBuffer.java:7745) at com.microsoft.sqlserver.jdbc.SQLServerConnection.executeCommand(SQLServerConnection.java:4391) at com.microsoft.sqlserver.jdbc.SQLServerStatement.executeCommand(SQLServerStatement.java:276) at com.microsoft.sqlserver.jdbc.SQLServerStatement.executeStatement(SQLServerStatement.java:246) at com.microsoft.sqlserver.jdbc.SQLServerStatement.execute(SQLServerStatement.java:796) at org.testcontainers.jdbc.JdbcDatabaseDelegate.execute(JdbcDatabaseDelegate.java:46) ... 29 more [INFO] [INFO] Results: [INFO] Error: Errors: Error: SQLServerXAContainerSmokeTest.setUpClass:52 » ContainerLaunch Container startup failed for image mcr.microsoft.com/mssql/server:2022-latest Error: SQLServerXABasicTest.setUpClass:47 » ContainerLaunch Container startup failed for image mcr.microsoft.com/mssql/server:2022-latest Error: SQLServerXAEdgeCasesTest>XATestBase.setUp:73 » NullPointer Cannot invoke ""javax.sql.XADataSource.getXAConnection()"" because ""this.xaDataSource"" is null Error: SQLServerXAEdgeCasesTest>XATestBase.setUp:73 » NullPointer Cannot invoke ""javax.sql.XADataSource.getXAConnection()"" because ""this.xaDataSource"" is null Error: SQLServerXAEdgeCasesTest>XATestBase.setUp:73 » NullPointer Cannot invoke ""javax.sql.XADataSource.getXAConnection()"" because ""this.xaDataSource"" is null Error: SQLServerXAEdgeCasesTest>XATestBase.setUp:73 » NullPointer Cannot invoke ""javax.sql.XADataSource.getXAConnection()"" because ""this.xaDataSource"" is null Error: SQLServerXAEdgeCasesTest>XATestBase.setUp:73 » NullPointer Cannot invoke ""javax.sql.XADataSource.getXAConnection()"" because ""this.xaDataSource"" is null Error: SQLServerXAEdgeCasesTest>XATestBase.setUp:73 » NullPointer Cannot invoke ""javax.sql.XADataSource.getXAConnection()"" because ""this.xaDataSource"" is null Error: SQLServerXAEdgeCasesTest>XATestBase.setUp:73 » NullPointer Cannot invoke ""javax.sql.XADataSource.getXAConnection()"" because ""this.xaDataSource"" is null Error: SQLServerXAEdgeCasesTest>XATestBase.setUp:73 » NullPointer Cannot invoke ""javax.sql.XADataSource.getXAConnection()"" because ""this.xaDataSource"" is null Error: SQLServerXAEdgeCasesTest>XATestBase.setUp:73 » NullPointer Cannot invoke ""javax.sql.XADataSource.getXAConnection()"" because ""this.xaDataSource"" is null Error: SQLServerXAEdgeCasesTest>XATestBase.setUp:73 » NullPointer Cannot invoke ""javax.sql.XADataSource.getXAConnection()"" because ""this.xaDataSource"" is null Error: SQLServerXAEdgeCasesTest>XATestBase.setUp:73 » NullPointer Cannot invoke ""javax.sql.XADataSource.getXAConnection()"" because ""this.xaDataSource"" is null Error: SQLServerXAEdgeCasesTest>XATestBase.setUp:73 » NullPointer Cannot invoke ""javax.sql.XADataSource.getXAConnection()"" because ""this.xaDataSource"" is null Error: SQLServerXAEdgeCasesTest>XATestBase.setUp:73 » NullPointer Cannot invoke ""javax.sql.XADataSource.getXAConnection()"" because ""this.xaDataSource"" is null Error: SQLServerXAEdgeCasesTest>XATestBase.setUp:73 » NullPointer Cannot invoke ""javax.sql.XADataSource.getXAConnection()"" because ""this.xaDataSource"" is null Error: SQLServerXAEdgeCasesTest>XATestBase.setUp:73 » NullPointer Cannot invoke ""javax.sql.XADataSource.getXAConnection()"" because ""this.xaDataSource"" is null Error: SQLServerXAEdgeCasesTest>XATestBase.setUp:73 » NullPointer Cannot invoke ""javax.sql.XADataSource.getXAConnection()"" because ""this.xaDataSource"" is null Error: SQLServerXAEdgeCasesTest>XATestBase.setUp:73 » NullPointer Cannot invoke ""javax.sql.XADataSource.getXAConnection()"" because ""this.xaDataSource"" is null Error: SQLServerXAEdgeCasesTest>XATestBase.setUp:73 » NullPointer Cannot invoke ""javax.sql.XADataSource.getXAConnection()"" because ""this.xaDataSource"" is null Error: SQLServerXAEdgeCasesTest>XATestBase.setUp:73 » NullPointer Cannot invoke ""javax.sql.XADataSource.getXAConnection()"" because ""this.xaDataSource"" is null Error: SQLServerXAEdgeCasesTest>XATestBase.setUp:73 » NullPointer Cannot invoke ""javax.sql.XADataSource.getXAConnection()"" because ""this.xaDataSource"" is null Error: SQLServerXAEdgeCasesTest>XATestBase.setUp:73 » NullPointer Cannot invoke ""javax.sql.XADataSource.getXAConnection()"" because ""this.xaDataSource"" is null Error: SQLServerXAEdgeCasesTest>XATestBase.setUp:73 » NullPointer Cannot invoke ""javax.sql.XADataSource.getXAConnection()"" because ""this.xaDataSource"" is null Error: SQLServerXAEdgeCasesTest>XATestBase.setUp:73 » NullPointer Cannot invoke ""javax.sql.XADataSource.getXAConnection()"" because ""this.xaDataSource"" is null Error: SQLServerXAEdgeCasesTest>XATestBase.setUp:73 » NullPointer Cannot invoke ""javax.sql.XADataSource.getXAConnection()"" because ""this.xaDataSource"" is null Error: SQLServerXAEdgeCasesTest>XATestBase.setUp:73 » NullPointer Cannot invoke ""javax.sql.XADataSource.getXAConnection()"" because ""this.xaDataSource"" is null Error: SQLServerXAEdgeCasesTest>XATestBase.setUp:73 » NullPointer Cannot invoke ""javax.sql.XADataSource.getXAConnection()"" because ""this.xaDataSource"" is null Error: SQLServerXAEdgeCasesTest>XATestBase.setUp:73 » NullPointer Cannot invoke ""javax.sql.XADataSource.getXAConnection()"" because ""this.xaDataSource"" is null Error: SQLServerXAEdgeCasesTest>XATestBase.setUp:73 » NullPointer Cannot invoke ""javax.sql.XADataSource.getXAConnection()"" because ""this.xaDataSource"" is null Error: SQLServerXAEdgeCasesTest>XATestBase.setUp:73 » NullPointer Cannot invoke ""javax.sql.XADataSource.getXAConnection()"" because ""this.xaDataSource"" is null Error: SQLServerXAEdgeCasesTest>XATestBase.setUp:73 » NullPointer Cannot invoke ""javax.sql.XADataSource.getXAConnection()"" because ""this.xaDataSource"" is null Error: SQLServerXAEdgeCasesTest>XATestBase.setUp:73 » NullPointer Cannot invoke ""javax.sql.XADataSource.getXAConnection()"" because ""this.xaDataSource"" is null Error: SQLServerXAEdgeCasesTest>XATestBase.setUp:73 » NullPointer Cannot invoke ""javax.sql.XADataSource.getXAConnection()"" because ""this.xaDataSource"" is null Error: SQLServerXAEdgeCasesTest>XATestBase.setUp:73 » NullPointer Cannot invoke ""javax.sql.XADataSource.getXAConnection()"" because ""this.xaDataSource"" is null Error: SQLServerXARecoveryTest>XATestBase.setUp:70->createXADataSource:57 » ContainerLaunch Container startup failed for image mcr.microsoft.com/mssql/server:2022-latest Error: SQLServerXARecoveryTest>XATestBase.setUp:70->createXADataSource:57 » ContainerLaunch Container startup failed for image mcr.microsoft.com/mssql/server:2022-latest Error: SQLServerXARecoveryTest>XATestBase.setUp:70->createXADataSource:57 » ContainerLaunch Container startup failed for image mcr.microsoft.com/mssql/server:2022-latest Error: SQLServerXARecoveryTest>XATestBase.setUp:70->createXADataSource:57 » ContainerLaunch Container startup failed for image mcr.microsoft.com/mssql/server:2022-latest Error: SQLServerXARecoveryTest>XATestBase.setUp:70->createXADataSource:57 » ContainerLaunch Container startup failed for image mcr.microsoft.com/mssql/server:2022-latest [INFO] Error: Tests run: 98, Failures: 0, Errors: 40, Skipped: 0 [INFO] [INFO] ------------------------------------------------------------------------ [INFO] BUILD FAILURE",corrective_critique,corrective_critique,explicit 'stop messing and fix this'
Xenthio/UITest#30:issue_comment:3703180743,Xenthio,other_commenter,late,@copilot Please fix the build errors,"@copilot still cant see checkbox tick character, somet""hing is being done differently...","@copilot [CHECKLABEL] text='a' font=Webdings size=22 color=(1.00,1.00,1.00,1.00) opacity=1.00 [CHECKLABEL] rect=Rect(12, 34, 3, 13) parent=checkpanel checkbox=checkbox checked [CHECKLABEL] text='a' font=Webdings size=22 color=(1.00,1.00,1.00,1.00) opacity=1.00 [CHECKLABEL] rect=Rect(12, 34, 3, 13) parent=checkpanel checkbox=checkbox checked [CHECKLABEL] text='a' font=Webdings size=22 color=(1.00,1.00,1.00,1.00) opacity=1.00 [CHECKLABEL] rect=Rect(12, 34, 3, 13) parent=checkpanel checkbox=checkbox checked [CHECKLABEL] text='a' font=Webdings size=22 color=(1.00,1.00,1.00,1.00) opacity=1.00 [CHECKLABEL] rect=Rect(12, 34, 3, 13) parent=checkpanel checkbox=checkbox checked [CHECKLABEL] text='a' font=Webdings size=22 color=(1.00,1.00,1.00,1.00) opacity=1.00 [CHECKLABEL] rect=Rect(12, 34, 3, 13) parent=checkpanel checkbox=checkbox checked","@copilot I have no idea what changed, but now i can see the check, but it's slightly in the wrong spot.",corrective_critique,corrective_critique,reports continued visual bugs
tadoogie/test#23:issue_comment:3700753225,tadoogie,other_commenter,late,"@copilot When entering a search term in the melody search (0 2 4), I get the following exception in the xq file: <exception> <path>/db/apps/splitleaf-demo/searchMelodies.xq</path> <message>exerr:ERROR XPTY0004: The actual cardinality for parameter 1 does not match the cardinality declared in the function's signature: string($arg as item()?) xs:string. Expected cardinality: zero or one, got 3. [at line 50, column 21, source: /db/apps/splitleaf-demo/searchMelodies.xq]</message> </exception>","@copilot I'm sorry, are you STUPID????? I provided the message that the Xquery file is returning! This is NOT the console error since that is useless in debugging the xq file. MORON!","@copilot The error remains. Here is the console: interface-dev.js:2910 GET http://3.9.17.247:8080/exist/apps/splitleaf-demo/searchMelodies.xq?signedinterval=2%202 400 (Bad Request) interface-dev.js:2920 Melody search error: Error: Search failed: 400 Bad Request at searchMelodies (interface-dev.js:2913:15) HERE IS THE RESULT FROM the URL (http://3.9.17.247:8080/exist/apps/splitleaf-demo/searchMelodies.xq?signedinterval=2%202): This XML file does not appear to have any style information associated with it. The document tree is shown below. <exception> <path>/db/apps/splitleaf-demo/searchMelodies.xq</path> <message>exerr:ERROR XPTY0004: The actual cardinality for parameter 1 does not match the cardinality declared in the function's signature: string($arg as item()?) xs:string. Expected cardinality: zero or one, got 3. [at line 50, column 21, source: /db/apps/splitleaf-demo/searchMelodies.xq]</message> </exception>","@copilot The problem remains. Here is the console: The xquery URL (http://3.9.17.247:8080/exist/apps/splitleaf-demo/searchMelodies.xq?signedinterval=2%202%201) returns: interface-dev.js:2910 GET http://3.9.17.247:8080/exist/apps/splitleaf-demo/searchMelodies.xq?signedinterval=2%202%201 400 (Bad Request) searchMelodies @ interface-dev.js:2910 (anonymous) @ interface-dev.js:3070Understand this error interface-dev.js:2920 Melody search error: Error: Search failed: 400 Bad Request at searchMelodies (interface-dev.js:2913:15) This XML file does not appear to have any style information associated with it. The document tree is shown below. <exception> <path>/db/apps/splitleaf-demo/searchMelodies.xq</path> <message>exerr:ERROR XPTY0004: The actual cardinality for parameter 1 does not match the cardinality declared in the function's signature: string($arg as item()?) xs:string. Expected cardinality: zero or one, got 3. [at line 50, column 21, source: /db/apps/splitleaf-demo/searchMelodies.xq]</message> </exception>",corrective_critique,corrective_critique,extreme critique: 'are you STUPID?'
ollieb89/jules_api_ui#74:issue_comment:3703291940,ollieb89,reviewer,early,@copilot apply changes based on the comments in [this thread](https://github.com/ollieb89/jules_api_ui/pull/74#pullrequestreview-3621571255),@copilot fix these merge errors This branch has conflicts that must be resolved Use the [web editor](https://github.com/ollieb89/jules_api_ui/pull/74/conflicts) or the command line to resolve conflicts before continuing. jules_backend/jules/management/commands/sync_jules_sessions.py jules_backend/jules/models.py jules_backend/jules/sync.py jules_backend/jules/views.py jules_backend/tests/test_jules_sync.py jules_backend/tests/test_sync_jules_sessions_command.py,@copilot continue,@copilot try again,corrective_critique,continued_delegation,fix merge errors / continue / try again
RobGibbens/CardGames#184:issue_comment:3702736640,RobGibbens,other_commenter,early,"@copilot When I try to play the game, I press the Start Game button, and the phase displayed changes to ""CollectingAntes"", but then nothing happens. For Kings and Lows, it should automatically collect the antes and then deal the first hand.","@copilot The ""Drop or Stay?"" overlay is a modal over the entire screen, hiding the player's cards. The user experience of the drop or stay should exactly match the ""DrawOverlay"" experience. It should be the same size, in the same position, and show the player their current hand and hand description. This overlay should have ""Drop"" and ""Stay"" buttons that make the style of the Discard button on the DrawOverlay.","@copilot The hand evaluator for Kings and Lows is not correct. It is not taking into account that all Kings and whatever is the lowest value card (and all cards of the same value in the same hand) are wild for that player. Aces can be either high or low, depending on whatever makes the best hand. I had a hand of Two-Four-Four-Queen-King, and it evaluated to ""a pair of fours"", but it should have been ""four of a kind (fours)"" because the two (low) and the King were both wild.","@copilot Currently, if there are two players, and they both stay (don't drop), and then they discard cards and get new cards, after the second player gets their cards, nothing happens. There should be a showdown and a winner declared for that hand, the pot goes to the winner, the loser matches the previous pot, and then a new hand is dealt.",corrective_critique,corrective_critique,describes new bugs in copilot's output
Tbearden10/cheapraidbanners#28:issue_comment:3702965411,Tbearden10,reviewer,early,"@copilot dont forget that during the dedupe, we want to keep the completed versions to ensure we dont loose a swapped character instance or other similar ones",,,,no_clear_uptake,no_clear_uptake,no follow-up captured
bberardi/finance-calculator#27:issue_comment:3702455505,bberardi,reviewer,middle,"@copilot 1. Update the graph to only support years 2. Add a year selector for the start date and end date 4. Ensure that investments are calculated through the select year not only up to their current stored growth schedule (e.g. if 30 years is stored but I select 40 years from now, it should display the growth schedule for 40 years of each investment) 5. Answer this question: What is value is used for a loan on years on an prior to it's start date? Given a loan of $10,000 and start date February 2024, what values will be displayed for the year 2023 and 2024?",@copilot apply changes based on the comments in [this thread](https://github.com/bberardi/finance-calculator/pull/27#pullrequestreview-3621131774),@copilot apply changes based on the comments in [this thread](https://github.com/bberardi/finance-calculator/pull/27#pullrequestreview-3621166901),@copilot apply changes based on [this feedback](https://github.com/bberardi/finance-calculator/pull/27#discussion_r2656736125),positive_uptake,positive_uptake,delegated forward via review thread
ollieb89/jules_api_ui#61:issue_comment:3702890155,ollieb89,author,early,@copilot open a new pull request to apply changes based on the comments in [this thread](https://github.com/ollieb89/jules_api_ui/pull/61#pullrequestreview-3621426042),@copilot open a new pull request to apply changes based on the comments in [this thread](https://github.com/ollieb89/jules_api_ui/pull/61#pullrequestreview-3621426042),,,positive_uptake,continued_delegation,same delegation repeated
h0witzer/onshape-std-library-mirror#58:issue_comment:3702952015,h0witzer,other_commenter,late,"@copilot Splits are now happening to the regions but it appears they aren't passing through the subtraction steps. No slots are created and I have 102 bodies from 22 inputs right now. Assuming 40 regions of overlap and each overlap gets split in half to become 80 cells the math is mathing, but we need to bring it home with our boolean subtractions.",,,,positive_uptake,no_clear_uptake,no follow-up captured
strawgate/kb-yaml-to-lens#484:issue_comment:3703102690,strawgate,author,early,@claude why wouldn't we just `assert isinstance....` it needs to be the type we expect....?,,,,positive_uptake,no_clear_uptake,no follow-up captured
Columbia-Cloudworks-LLC/EquipQR#456:issue_comment:3701990235,viralarchitect,author,early,"## Addressed Review Comments (Round 2) I've addressed the remaining review feedback from @copilot-pull-request-reviewer: ### ✅ Security & Multi-tenancy 1. **Updated comment in quickbooks-export-invoice** (line 817): Clarified that the filter uses `userOrgIds` (organizations where user is admin/owner) for multi-tenancy enforcement, not a single `organization_id`. 2. **Error message clarity** (line 857): Changed from ""Equipment must be assigned"" to ""**Work order's equipment** must be assigned to a team"" for better clarity on the relationship. ### ✅ Code Quality 3. **JSDoc in useExportToQuickBooks.ts** (line 73): Updated to accurately describe the complete return type including isPending, isSuccess, isError, mutate/mutateAsync, and the isLoading alias. 4. **onSettled callback typing** (line 121): Added explicit type annotations for the callback parameters. 5. **Query enabled condition** (useWorkOrderAssignment.ts line 142): Fixed to check both `organizationId && equipmentId` since equipmentId is required for proper filtering. ### ✅ Bug Fix 6. **Fixed hasTeamAssignment → equipmentHasNoTeam** (WorkOrderAssignmentSelector.tsx): The hook return value changed from `hasTeamAssignment` to `equipmentHasNoTeam`. Updated the component and tests to use the correct property with inverted logic. ### ✅ UI/UX 7. **Tooltip message** (QuickBooksExportButton.tsx line 123): Changed from single quotes with escaped apostrophe to double quotes for cleaner code. 8. **PDF Download button** (WorkOrderDetailsDesktopHeader.tsx): Implemented using `window.print()` which allows users to save as PDF through the browser's print dialog. ### ✅ Tests 9. **Test parameter verification** (QuickBooksExportButton.test.tsx line 303): Updated to verify the mutation is called with `expect.objectContaining({ onSuccess: expect.any(Function) })`. ### ✅ Data Migration 10. **Added data sync** (migration file): Added a one-time UPDATE statement to sync existing work orders' `team_id` values from their associated equipment, ensuring data consistency. ### ℹ️ Not Applicable - **Unused toast mock in QuickBooksIntegration.test.tsx**: No toast mock exists in this file - the mock is in QuickBooksExportButton.test.tsx and is still needed there. - **Lowercase ""no team assigned""**: The data comes from the database (roles like 'owner', 'admin', 'technician') - there's no 'no team assigned' role value. All linting, type-checking, and tests pass. Ready for re-review!","## Addressed Review Comments (Final Round) Fixed the remaining type errors flagged by @copilot-pull-request-reviewer: ### ✅ Type Errors Fixed (`workOrderReportPDFService.ts`) - **Lines 162, 194, 256**: Changed parameter types from undefined `WorkOrder` to `WorkOrderForPDF` (the interface defined in the file) ### ✅ Already Addressed (verified) The following comments were already addressed in previous commits: 1. **Security: Cross-org access (line 798)** - Properly filters by user's admin/owner organization memberships 2. **Comment clarity (line 818)** - Explanatory comment on lines 802-803 clarifies the `userOrgIds` approach 3. **Migration data sync (line 137)** - Lines 149-155 contain the UPDATE statement syncing team_id from equipment 4. **Query enabled condition (line 46)** - Line 144 already checks `!!organizationId && !!equipmentId` 5. **hasTeamAssignment → equipmentHasNoTeam** - No usages of `hasTeamAssignment` remain in codebase ### ℹ️ False Positive - **Toast mock in QuickBooksIntegration.test.tsx (line 48)** - This is not a toast mock; it's an import for `isQuickBooksEnabled`. No toast mocking exists in this file. Commit: `dd6297f` All type-checking and linting pass. Ready for re-review! 🚀","## Addressed Final Security Review Comments Fixed the 3 remaining unresolved review comments from @copilot-pull-request-reviewer regarding multi-tenancy security in the migration file: ### Migration: `20251231000001_enforce_work_order_assignee_validation.sql` All equipment queries in the `validate_work_order_assignee()` trigger function now include explicit `organization_id` filtering: 1. **Line 93** (assignee NULL branch): Added `AND organization_id = NEW.organization_id` 2. **Line 108** (error message context): Added `AND organization_id = NEW.organization_id` 3. **Line 122** (team_id sync): Added `AND organization_id = NEW.organization_id` This ensures proper multi-tenancy enforcement within the SECURITY DEFINER function, even though RLS is in place - matching the coding guidelines for Supabase queries. **Commit:** `e9c5373` All linting passes. Ready for re-review!","## Addressed Remaining Review Comments (Final Round) Fixed the 4 unresolved review comments from @copilot-pull-request-reviewer: ### 1. Null/undefined check for team access (`quickbooks-export-invoice/index.ts`, line 511) **Fixed**: Added explicit null check for `team.name` by changing the condition from `workOrder.equipment?.team` to `workOrder.equipment?.team?.name` to ensure safe access. ```typescript // Before if (workOrder.equipment?.team) { addText(`Customer: ${workOrder.equipment.team.name}`, fontSize); } // After if (workOrder.equipment?.team?.name) { addText(`Customer: ${workOrder.equipment.team.name}`, fontSize); } ``` ### 2. Include work order ID in error message (`quickbooks-export-invoice/index.ts`, line 858) **Fixed**: Added work order ID to the error message for easier identification: ```typescript error: `Work order's equipment must be assigned to a team to export to QuickBooks (Work Order ID: ${work_order_id})` ``` ### 3. TanStack Query v5 parameter naming (`useExportToQuickBooks.ts`, line 126) **Fixed**: Renamed `workOrderId` to `variables` in the `onSettled` callback to match TanStack Query v5's API signature: ```typescript // Before onSettled: (_data, _error, workOrderId: string) => { ... } // After onSettled: (_data, _error, variables: string) => { ... } ``` ### 4. Improved error message clarity (`useWorkOrderContextualAssignment.ts`, line 63) **Fixed**: Added error code detection to distinguish between ""equipment not found"" vs ""permission denied"": ```typescript // Normalize Supabase/PostgREST errors into clearer domain errors const errorCode = (equipmentError as { code?: string }).code; if (errorCode === 'PGRST116') { throw new Error('Equipment not found for this organization'); } throw new Error('Permission denied or error fetching equipment'); ``` **Commit:** `7be245d` All type-checking and linting pass. Ready for re-review! 🚀",positive_uptake,positive_uptake,explicit 'addressed' itemized fixes
Alan-Jowett/CoPilot-For-Consensus#657:issue_comment:3702868830,Alan-Jowett,other_commenter,late,@copilot there were some changes made in main. Please review those and see if they affect this PR,@copilot address and reply to each comment with what you fixed.,@copilot address and reply to each comment with what you fixed.,,positive_uptake,continued_delegation,asks for status reply per comment
daisytuner/sdfglib#423:issue_comment:3709508009,lukastruemper,other_commenter,middle,@copilot revert the last changes on extending the validation. Simply overwrite the validation for the conv node into a fully custom validation.,,,,positive_uptake,no_clear_uptake,no follow-up captured
jonarasgames/AniVerse#51:issue_comment:3703036199,jonarasgames,reviewer,middle,"@copilot uma outra coisa, quando clico duas vezes ele faz a pulagem certa, mas quando eu clico seguido ele fica saindo e voltando o player, faz assim ó, a area de pular vai ser um pouco maior agora e eu posso clicar duas vezes pra pular sem que o player esteja ativo/mostrando e tambem se eu comecar a clicar duas vezes e ainda ficar clicando duas vezes ele vai pular mais 5 segundos",,,,positive_uptake,no_clear_uptake,no follow-up captured
Hack23/cia#8153:issue_comment:3702483423,pethers,other_commenter,late,@copilot apply changes based on the comments in [this thread](https://github.com/Hack23/cia/pull/8153#pullrequestreview-3621056955),@copilot apply changes based on the comments in [this thread](https://github.com/Hack23/cia/pull/8153#pullrequestreview-3621220468),@copilot apply changes based on the comments in [this thread](https://github.com/Hack23/cia/pull/8153#pullrequestreview-3621283085),"@copilot Analyse how to modify the JSON Schema to adjust to real sample data , sample data is the reality the other was projections done before all data was completed and need to be adjusted",positive_uptake,continued_delegation,repeated apply-changes delegations
machi0x/Memoiz#12:issue_comment:3702996801,machi0x,reviewer,early,@copilot how did you implement most challenging part (how to see/use main UI part)? Explain inJapanese,"@copilot So no visual instruction for main UI usage, am I right? If possible I wonder during wizard, show demo screen of main UI with instruction is ideal...",@copilot Could you add number like ① so that later I will take screen shot and then edit it to draw the corresponding number to the shotm,"@copilot I want to emphasize that main ui each memo contents meaning like category, memo type, summary, generated by AI.",positive_uptake,positive_uptake,engaged dialogue with refinements
