mention_uid,suggestion_subtype,addressing_mode,refinement_confidence,refinement_rationale
Alan-Jowett/CoPilot-For-Consensus#657:issue_comment:3702868830,Suggestion-Invocation,Talking-to-AI,,
Alan-Jowett/CoPilot-For-Consensus#657:issue_comment:3702944848,Suggestion-StepInstruction,Talking-to-AI,1,
Alan-Jowett/CoPilot-For-Consensus#657:issue_comment:3702977929,Suggestion-StepInstruction,Talking-to-AI,1.0,
Alan-Jowett/CoPilot-For-Consensus#659:issue_comment:3702937925,Suggestion-Invocation,Talking-to-AI,1,
Alan-Jowett/CoPilot-For-Consensus#659:issue_comment:3702989133,Suggestion-StepInstruction,Talking-to-AI,1,
Alan-Jowett/CoPilot-For-Consensus#661:issue_comment:3703001909,Suggestion-Invocation,Talking-to-AI,1.0,
Alan-Jowett/CoPilot-For-Consensus#664:issue_comment:3702938547,Suggestion-Invocation,Talking-to-AI,1.0,
Alan-Jowett/CoPilot-For-Consensus#665:issue_comment:3702938715,Suggestion-Invocation,Talking-to-AI,,
Alan-Jowett/CoPilot-For-Consensus#667:issue_comment:3702939023,Suggestion-Invocation,Talking-to-AI,1,
Alan-Jowett/CoPilot-For-Consensus#667:issue_comment:3703007239,Suggestion-Invocation,Talking-to-AI,1,
Aries-Serpent/_codex_#2672:issue_comment:3702758664,Suggestion-StepInstruction,Talking-about-AI,0.8,
Aries-Serpent/_codex_#2672:issue_comment:3702772491,Suggestion-StepInstruction,Talking-to-AI,1.0,
Aries-Serpent/_codex_#2672:issue_comment:3702931334,Suggestion-TaskDelegation,Talking-to-AI,0.9,
Aries-Serpent/_codex_#2672:issue_comment:3702957188,Suggestion-StepInstruction,Talking-to-AI,0.8,
Aries-Serpent/_codex_#2672:issue_comment:3702962769,Suggestion-Invocation,Talking-to-AI,1.0,
Aries-Serpent/_codex_#2672:issue_comment:3702987683,Suggestion-Invocation,Talking-to-AI,1.0,
Aries-Serpent/_codex_#2672:issue_comment:3702995681,Suggestion-StepInstruction,Talking-to-AI,0.9,
Aries-Serpent/_codex_#2672:issue_comment:3703008879,Suggestion-StepInstruction,Talking-to-AI,1,
ArtemFilin1990/Baza#56:issue_comment:3703007480,Suggestion-Invocation,Talking-to-AI,,
ArtemFilin1990/Baza#56:issue_comment:3703035197,Suggestion-Invocation,Talking-to-AI,1.0,
ArtisanClarinets/crispy-fishstick#41:issue_comment:3703036095,Suggestion-Invocation,Talking-to-AI,1.0,
BryceWayne/MemoryStore#12:issue_comment:3703055298,Suggestion-Invocation,Talking-to-AI,1.0,
BryceWayne/MemoryStore#12:issue_comment:3703064819,Suggestion-Invocation,Talking-to-AI,1.0,
CodeHalwell/Agent-Gantry#55:issue_comment:3703000282,Suggestion-Invocation,Talking-to-AI,1.0,
Columbia-Cloudworks-LLC/EquipQR#456:issue_comment:3701948753,Suggestion-TaskDelegation,Talking-to-AI,0.8,
Columbia-Cloudworks-LLC/EquipQR#456:issue_comment:3701990235,Suggestion-Invocation,Talking-to-AI,0.8,
Columbia-Cloudworks-LLC/EquipQR#456:issue_comment:3702647913,Suggestion-Invocation,Talking-to-AI,1.0,
Columbia-Cloudworks-LLC/EquipQR#456:issue_comment:3702945954,Suggestion-TaskDelegation,Talking-to-AI,1,
Columbia-Cloudworks-LLC/EquipQR#456:issue_comment:3702972735,Suggestion-Invocation,Talking-to-AI,1,
DaveSkender/Stock.Indicators#1825:issue_comment:3703048400,Suggestion-Invocation,Talking-to-AI,high,
Entze/frost#37:review_comment:2655920479,Suggestion-Invocation,Talking-to-AI,1,
Entze/frost#37:review_comment:2655921135,Suggestion-Invocation,Talking-to-AI,1,
Entze/frost#37:review_comment:2655921678,Suggestion-Invocation,Talking-to-AI,1,
Entze/frost#37:review_comment:2655922779,Suggestion-Invocation,Talking-to-AI,high,
Entze/frost#37:review:3621478300,Suggestion-Invocation,Talking-to-AI,,
FishWoWater/Open3DStudio#2:issue_comment:3703684374,Suggestion-TaskDelegation,Talking-to-AI,,
FreeForCharity/FFC-EX-PAGboosters.org#28:issue_comment:3702700055,Suggestion-Invocation,Talking-to-AI,1,
FreeForCharity/FFC-EX-PAGboosters.org#28:issue_comment:3702726499,Suggestion-Invocation,Talking-to-AI,1,
FreeForCharity/FFC-EX-PAGboosters.org#28:issue_comment:3702731035,Suggestion-Invocation,Talking-to-AI,1.0,
FreeForCharity/FFC-EX-PAGboosters.org#28:issue_comment:3702742660,Suggestion-Invocation,Talking-to-AI,0.9,
FreeForCharity/FFC-EX-PAGboosters.org#28:issue_comment:3702744959,Suggestion-Invocation,Talking-to-AI,1.0,
FreeForCharity/FFC-EX-PAGboosters.org#28:issue_comment:3702748352,Suggestion-Invocation,Talking-to-AI,1.0,
FreeForCharity/FFC-EX-PAGboosters.org#28:issue_comment:3702754479,Suggestion-Invocation,Talking-to-AI,1.0,
FreeForCharity/FFC-EX-PAGboosters.org#28:issue_comment:3702756378,Suggestion-Invocation,Talking-to-AI,,
FreeForCharity/FFC-EX-PAGboosters.org#28:issue_comment:3702763594,Suggestion-Invocation,Talking-to-AI,1,
FreeForCharity/FFC-EX-PAGboosters.org#28:issue_comment:3702768384,Suggestion-Invocation,Talking-to-AI,0.9,
FreeForCharity/FFC-EX-PAGboosters.org#28:issue_comment:3702777168,Suggestion-Invocation,Talking-to-AI,0.9,
FreeForCharity/FFC-EX-PAGboosters.org#28:issue_comment:3702778467,Suggestion-Invocation,Talking-to-AI,,
FreeForCharity/FFC-EX-PAGboosters.org#28:issue_comment:3702823568,Suggestion-Invocation,Talking-to-AI,high,
FreeForCharity/FFC-EX-PAGboosters.org#28:issue_comment:3702827119,Suggestion-Invocation,Talking-to-AI,1,
FreeForCharity/FFC-EX-PAGboosters.org#28:issue_comment:3702831047,Suggestion-Invocation,Talking-to-AI,1.0,
FreeForCharity/FFC-EX-PAGboosters.org#28:issue_comment:3702902165,Suggestion-Invocation,Talking-to-AI,1.0,
FreeForCharity/FFC-EX-PAGboosters.org#28:issue_comment:3703051902,Suggestion-Invocation,Talking-to-AI,1,
FreeForCharity/FFC-EX-PAGboosters.org#28:issue_comment:3703086924,Suggestion-Invocation,Talking-to-AI,0.8,
FreeForCharity/FFC-EX-PAGboosters.org#28:issue_comment:3703097572,Suggestion-Invocation,Talking-to-AI,1.0,
FreeForCharity/FFC-EX-PAGboosters.org#28:issue_comment:3703106150,Suggestion-Invocation,Talking-to-AI,,
FreeForCharity/FFC-EX-PAGboosters.org#28:issue_comment:3703139523,Suggestion-TaskDelegation,Talking-to-AI,1,
FreeForCharity/FFC-EX-PAGboosters.org#28:issue_comment:3703154118,Suggestion-Invocation,Talking-to-AI,1,
FreeForCharity/FFC-EX-PAGboosters.org#28:issue_comment:3703184328,Suggestion-Invocation,Talking-to-AI,1.0,
FreeForCharity/FFC-EX-PAGboosters.org#28:issue_comment:3703188894,Suggestion-Invocation,Talking-to-AI,1.0,
GregorGullwi/FlashCpp#338:issue_comment:3702934606,Suggestion-Invocation,Talking-to-AI,1,
GregorGullwi/FlashCpp#338:issue_comment:3702974795,Suggestion-Invocation,Talking-to-AI,,
Hack23/blacktrigram#1056:issue_comment:3702852616,Suggestion-Invocation,Talking-to-AI,1.0,
Hack23/blacktrigram#1056:issue_comment:3702907985,Suggestion-Invocation,Talking-to-AI,1,
Hack23/blacktrigram#1056:issue_comment:3702934458,Suggestion-Invocation,Talking-to-AI,1,
Hack23/blacktrigram#1056:issue_comment:3702958567,Suggestion-Invocation,Talking-to-AI,high,
Hack23/blacktrigram#1056:issue_comment:3702996201,Suggestion-Invocation,Talking-to-AI,1.0,
Hack23/blacktrigram#1056:issue_comment:3703053516,Suggestion-Invocation,Talking-to-AI,1,
Hack23/cia#8153:issue_comment:3698041175,Suggestion-Invocation,Talking-to-AI,,
Hack23/cia#8153:issue_comment:3698107304,Suggestion-Invocation,Talking-to-AI,1.0,
Hack23/cia#8153:issue_comment:3698153668,Suggestion-Invocation,Talking-to-AI,0.8,
Hack23/cia#8153:issue_comment:3702206053,Suggestion-Invocation,Talking-to-AI,1,
Hack23/cia#8153:issue_comment:3702280094,Suggestion-Invocation,Talking-to-AI,1,
Hack23/cia#8153:issue_comment:3702483423,Suggestion-Invocation,Talking-to-AI,,
Hack23/cia#8153:issue_comment:3702579988,Suggestion-Invocation,Talking-to-AI,1,
Hack23/cia#8153:issue_comment:3702699965,Suggestion-Invocation,Talking-to-AI,,
Hack23/cia#8153:issue_comment:3702754595,Suggestion-Invocation,Talking-to-AI,1.0,
Hack23/cia#8153:issue_comment:3702903562,Suggestion-Invocation,Talking-to-AI,,
Hack23/cia#8153:issue_comment:3702927368,Suggestion-StepInstruction,Talking-to-AI,1.0,
Hack23/cia#8153:issue_comment:3702944621,Suggestion-Invocation,Talking-to-AI,1.0,
Hack23/cia#8153:issue_comment:3702965388,Suggestion-Invocation,Talking-to-AI,1.0,
Hexagon/hemulator#214:issue_comment:3702990881,Suggestion-Invocation,Talking-to-AI,1,
Hexagon/hemulator#214:issue_comment:3704239304,Suggestion-Invocation,Talking-to-AI,1.0,
Hexagon/hemulator#214:issue_comment:3704246699,Suggestion-Invocation,Talking-to-AI,1,
Hexagon/hemulator#214:issue_comment:3704260296,Suggestion-Recommendation,Talking-about-AI,1.0,
Hexagon/hemulator#214:issue_comment:3704275587,Suggestion-Invocation,Talking-to-AI,1,
Hexagon/hemulator#214:issue_comment:3704278589,Suggestion-Invocation,Talking-to-AI,,
HungLo2020/MattMC#334:issue_comment:3702934231,Suggestion-Invocation,Talking-to-AI,,
HungLo2020/MattMC#334:issue_comment:3702938526,Suggestion-TaskDelegation,Talking-to-AI,,
HungLo2020/MattMC#334:issue_comment:3702950390,Suggestion-StepInstruction,Talking-to-AI,1,
HungLo2020/MattMC#334:issue_comment:3702955297,Suggestion-Invocation,Talking-to-AI,high,
HungLo2020/MattMC#334:issue_comment:3702963725,Suggestion-TaskDelegation,Talking-to-AI,high,
HungLo2020/MattMC#334:issue_comment:3702973736,Suggestion-Invocation,Talking-to-AI,1.0,
HungLo2020/MattMC#334:issue_comment:3702976703,Suggestion-TaskDelegation,Talking-to-AI,high,
JakeDot/cgeo#137:issue_comment:3702584335,Suggestion-Invocation,Talking-to-AI,1,
JakeDot/cgeo#137:issue_comment:3702624368,Suggestion-TaskDelegation,Talking-to-AI,1,
JakeDot/cgeo#137:issue_comment:3702645812,Suggestion-Invocation,Talking-to-AI,,
JakeDot/cgeo#137:issue_comment:3702964068,Suggestion-Invocation,Talking-to-AI,0.9,
Jayc82/Orion#1:issue_comment:3701729412,Suggestion-Invocation,Talking-to-AI,1.0,
Jayc82/Orion#1:issue_comment:3701733810,Suggestion-Invocation,Talking-to-AI,high,
Jayc82/Orion#1:issue_comment:3701740884,Suggestion-Invocation,Talking-to-AI,1,
Jayc82/Orion#1:issue_comment:3701752111,Suggestion-Invocation,Talking-to-AI,1.0,
Jayc82/Orion#1:issue_comment:3701780311,Suggestion-StepInstruction,Talking-to-AI,1,
Jayc82/Orion#1:issue_comment:3701791516,Suggestion-Invocation,Talking-to-AI,1.0,
Jayc82/Orion#1:issue_comment:3701803316,Suggestion-Invocation,Talking-to-AI,1,
Jayc82/Orion#1:issue_comment:3702953831,Suggestion-Invocation,Talking-to-AI,0.8,
Jayc82/Orion#1:issue_comment:3702955985,Suggestion-TaskDelegation,Talking-to-AI,,
Jayc82/Orion#1:issue_comment:3702967187,Suggestion-Invocation,Talking-to-AI,1.0,
Jayc82/Orion#1:issue_comment:3702973750,Suggestion-Invocation,Talking-to-AI,1.0,
Jayc82/Orion#1:issue_comment:3702976944,Suggestion-Invocation,Talking-to-AI,1.0,
Jayc82/Orion#1:issue_comment:3702992162,Suggestion-Invocation,Talking-to-AI,,
Jayc82/Orion#1:issue_comment:3702995976,Suggestion-Invocation,Talking-to-AI,high,
Jayc82/Orion#1:issue_comment:3703008335,Suggestion-Invocation,Talking-to-AI,1,
Jayc82/Orion#1:issue_comment:3703027461,Suggestion-TaskDelegation,Talking-to-AI,1,
Jayc82/Orion#1:issue_comment:3703052585,Suggestion-Invocation,Talking-to-AI,1,
Jayc82/Orion#1:issue_comment:3703055490,Suggestion-Invocation,Talking-to-AI,1,
Jayc82/Orion#1:issue_comment:3703058621,Suggestion-Invocation,Talking-to-AI,1.0,
Jayc82/Orion#1:issue_comment:3703068158,Suggestion-Invocation,Talking-to-AI,1,
Jayc82/Orion#1:issue_comment:3703074867,Suggestion-Invocation,Talking-to-AI,1,
Jayc82/Orion#1:issue_comment:3703082884,Suggestion-Invocation,Talking-to-AI,1,
Jayc82/Orion#1:issue_comment:3703093544,Suggestion-Invocation,Talking-to-AI,,
Jayc82/Orion#1:issue_comment:3703157049,Suggestion-Invocation,Talking-to-AI,1.0,
Jayc82/Orion#1:issue_comment:3703167022,Suggestion-Invocation,Talking-to-AI,1,
Jayc82/Orion#1:issue_comment:3703183979,Suggestion-Invocation,Talking-to-AI,,
Jayc82/Orion#1:issue_comment:3703209554,Suggestion-Invocation,Talking-to-AI,,
Jayc82/Orion#1:issue_comment:3703215948,Suggestion-Invocation,Talking-to-AI,1,
Jayc82/Orion#1:issue_comment:3703220874,Suggestion-Invocation,Talking-to-AI,1.0,
Jayc82/Orion#1:issue_comment:3703223251,Suggestion-Invocation,Talking-to-AI,1,
Jayc82/Orion#1:issue_comment:3703230325,Suggestion-Invocation,Talking-to-AI,,
Jayc82/Orion#1:issue_comment:3703234476,Suggestion-Invocation,Talking-to-AI,1,
Jayc82/Orion#1:issue_comment:3703239301,Suggestion-Invocation,Talking-to-AI,1,
Jayc82/Orion#1:issue_comment:3704491867,Suggestion-Invocation,Talking-to-AI,1.0,
Jebel-Quant/rhiza-tools#13:issue_comment:3702971294,Suggestion-Invocation,Talking-to-AI,1.0,
JosunLP/api-faker#2:issue_comment:3702981044,Suggestion-Invocation,Talking-to-AI,0.9,
JosunLP/api-faker#2:issue_comment:3703056116,Suggestion-Invocation,Talking-to-AI,,
JosunLP/api-faker#2:issue_comment:3703177771,Suggestion-Invocation,Talking-to-AI,1,
JosunLP/api-faker#2:issue_comment:3703322126,Suggestion-Invocation,Talking-to-AI,1,
JosunLP/api-faker#2:issue_comment:3913381997,Suggestion-Invocation,Talking-to-AI,1,
LachlanBWWright/MERN-Mafia#16:issue_comment:3702112554,Suggestion-Invocation,Talking-to-AI,1,
LachlanBWWright/MERN-Mafia#16:issue_comment:3702935535,Suggestion-StepInstruction,Talking-to-AI,1,
LachlanBWWright/MERN-Mafia#16:issue_comment:3702947561,Suggestion-Invocation,Talking-to-AI,1.0,
LachlanBWWright/MERN-Mafia#16:issue_comment:3702969074,Suggestion-Invocation,Talking-to-AI,,
LachlanBWWright/MERN-Mafia#16:issue_comment:3703057826,Suggestion-Invocation,Talking-to-AI,1.0,
LachlanBWWright/PangeaRSEdit#63:issue_comment:3701755465,Suggestion-Invocation,Talking-to-AI,,
LachlanBWWright/PangeaRSEdit#63:issue_comment:3702016030,Suggestion-Invocation,Talking-to-AI,0.9,
LachlanBWWright/PangeaRSEdit#63:issue_comment:3702122727,Suggestion-Invocation,Talking-to-AI,1.0,
LachlanBWWright/PangeaRSEdit#63:issue_comment:3702937535,Suggestion-Invocation,Talking-to-AI,0.9,
LachlanBWWright/PangeaRSEdit#63:issue_comment:3702987579,Suggestion-TaskDelegation,Talking-to-AI,high,
LachlanBWWright/PangeaRSEdit#63:issue_comment:3703059440,Suggestion-TaskDelegation,Talking-to-AI,1.0,
LachlanBWWright/PangeaRSEdit#63:issue_comment:3703062843,Suggestion-StepInstruction,Talking-to-AI,1,
LexioPK/ExtinctionY#4:issue_comment:3695353024,Suggestion-Invocation,Talking-to-AI,,
LexioPK/ExtinctionY#4:issue_comment:3702954422,Suggestion-Invocation,Talking-to-AI,0.9,
Lonely-Demon/SkyLabs#1:issue_comment:3702989467,Suggestion-TaskDelegation,Mixed,1.0,
LudovicRousseau/CCID#178:issue_comment:3703061440,Suggestion-Invocation,Talking-to-AI,,
M1NDN1NJ4-0RG/RFC-Shared-Agent-Scaffolding#213:issue_comment:3702975194,Suggestion-Invocation,Talking-to-AI,0.8,
M1NDN1NJ4-0RG/RFC-Shared-Agent-Scaffolding#213:issue_comment:3703001935,Suggestion-StepInstruction,Talking-to-AI,1.0,
M1NDN1NJ4-0RG/RFC-Shared-Agent-Scaffolding#213:issue_comment:3703014499,Suggestion-Invocation,Talking-to-AI,1,
Mittenzx/Adastrea#395:issue_comment:3702939147,Suggestion-Invocation,Talking-to-AI,high,
MohamadKhaledAbbas/BreadBagCounterSystem#68:issue_comment:3702703582,Suggestion-Invocation,Talking-to-AI,0.8,
MohamadKhaledAbbas/BreadBagCounterSystem#68:issue_comment:3702731922,Suggestion-Invocation,Talking-to-AI,0.8,
MohamadKhaledAbbas/BreadBagCounterSystem#68:issue_comment:3702766833,Suggestion-Invocation,Talking-to-AI,0.8,
MohamadKhaledAbbas/BreadBagCounterSystem#68:issue_comment:3702782034,Suggestion-Invocation,Talking-to-AI,high,
MohamadKhaledAbbas/BreadBagCounterSystem#68:issue_comment:3702833904,Suggestion-Invocation,Talking-to-AI,high,
MohamadKhaledAbbas/BreadBagCounterSystem#68:issue_comment:3702851604,Suggestion-Invocation,Talking-to-AI,High,
MohamadKhaledAbbas/BreadBagCounterSystem#68:issue_comment:3702912988,Suggestion-Invocation,Talking-to-AI,0.9,
MohamadKhaledAbbas/BreadBagCounterSystem#68:issue_comment:3702928284,Suggestion-Invocation,Talking-to-AI,0.9,
MohamadKhaledAbbas/BreadBagCounterSystem#68:issue_comment:3702944502,Suggestion-Invocation,Talking-to-AI,1.0,
MohamadKhaledAbbas/BreadBagCounterSystem#68:issue_comment:3702989184,Suggestion-Invocation,Talking-to-AI,0.9,
N0SAFE/nextjs-nestjs-turborepo-template#137:issue_comment:3702959860,Suggestion-Invocation,Talking-to-AI,high,
NREL/HPC#827:issue_comment:3702939524,Suggestion-Invocation,Talking-to-AI,1,
NREL/HPC#827:issue_comment:3702951887,Suggestion-Invocation,Talking-to-AI,,
NREL/HPC#827:issue_comment:3702960724,Suggestion-Invocation,Talking-to-AI,0.9,
NREL/HPC#827:issue_comment:3703009222,Suggestion-Invocation,Talking-to-AI,1.0,
NVIDIA-NeMo/Automodel#1002:review:3620698465,Suggestion-Invocation,Talking-to-AI,0.8,
NVIDIA/TensorRT-LLM#10252:issue_comment:3700559009,Suggestion-TaskDelegation,Talking-about-AI,0.9,
NVIDIA/spark-rapids-tools#2011:issue_comment:3702948633,Suggestion-TaskDelegation,Talking-to-AI,,
NVIDIA/spark-rapids-tools#2011:issue_comment:3702957956,Suggestion-Invocation,Talking-to-AI,1.0,
OE5XRX/FW-RemoteStation#20:review_comment:2655929407,Suggestion-Invocation,Talking-to-AI,1.0,
OE5XRX/FW-RemoteStation#20:issue_comment:3702970732,Suggestion-Invocation,Talking-to-AI,1.0,
OE5XRX/FW-RemoteStation#20:issue_comment:3702982960,Suggestion-Invocation,Talking-to-AI,1,
Open-J-Proxy/ojp#196:issue_comment:3697575900,Suggestion-Recommendation,Talking-about-AI,0.8,
Open-J-Proxy/ojp#196:issue_comment:3697585968,Suggestion-Recommendation,Talking-to-AI,,
Open-J-Proxy/ojp#196:issue_comment:3697604571,Suggestion-TaskDelegation,Talking-to-AI,1.0,
Open-J-Proxy/ojp#196:issue_comment:3697648030,Suggestion-StepInstruction,Talking-to-AI,1.0,
Open-J-Proxy/ojp#196:issue_comment:3697661772,Suggestion-Invocation,Talking-to-AI,0.8,
Open-J-Proxy/ojp#196:issue_comment:3697681553,Suggestion-Invocation,Talking-to-AI,1,
Open-J-Proxy/ojp#196:issue_comment:3698591678,Suggestion-StepInstruction,Talking-to-AI,1.0,
Open-J-Proxy/ojp#196:issue_comment:3698619891,Suggestion-StepInstruction,Talking-to-AI,1,
Open-J-Proxy/ojp#196:issue_comment:3698631927,Suggestion-Invocation,Talking-to-AI,1.0,
Open-J-Proxy/ojp#196:issue_comment:3698652895,Suggestion-StepInstruction,Talking-to-AI,1,
Open-J-Proxy/ojp#196:issue_comment:3698672697,Suggestion-TaskDelegation,Talking-to-AI,0.9,
Open-J-Proxy/ojp#196:issue_comment:3698691687,Suggestion-Invocation,Talking-to-AI,1,
Open-J-Proxy/ojp#196:issue_comment:3698715333,Suggestion-Invocation,Talking-to-AI,1.0,
Open-J-Proxy/ojp#196:issue_comment:3698733236,Suggestion-StepInstruction,Talking-to-AI,1.0,
Open-J-Proxy/ojp#196:issue_comment:3698761171,Suggestion-Invocation,Talking-to-AI,0.9,
Open-J-Proxy/ojp#196:issue_comment:3698785077,Suggestion-Invocation,Talking-to-AI,1.0,
Open-J-Proxy/ojp#196:issue_comment:3698819428,Suggestion-Invocation,Talking-to-AI,1,
Open-J-Proxy/ojp#196:issue_comment:3698884276,Suggestion-Invocation,Talking-to-AI,0.8,
Open-J-Proxy/ojp#196:issue_comment:3698911071,Suggestion-Invocation,Talking-to-AI,1.0,
Open-J-Proxy/ojp#196:issue_comment:3698960591,Suggestion-Invocation,Talking-to-AI,1,
Open-J-Proxy/ojp#196:issue_comment:3699243044,Suggestion-Invocation,Talking-to-AI,high,
Open-J-Proxy/ojp#196:issue_comment:3699311850,Suggestion-Invocation,Talking-to-AI,0.5,
Open-J-Proxy/ojp#196:issue_comment:3699539554,Suggestion-Invocation,Talking-to-AI,1,
Open-J-Proxy/ojp#196:issue_comment:3699679291,Suggestion-Invocation,Talking-to-AI,,
Open-J-Proxy/ojp#196:issue_comment:3699834311,Suggestion-Invocation,Talking-to-AI,,
Open-J-Proxy/ojp#196:issue_comment:3699862178,Suggestion-Invocation,Talking-to-AI,1.0,
Open-J-Proxy/ojp#196:issue_comment:3700168862,Suggestion-Invocation,Talking-to-AI,0.9,
Open-J-Proxy/ojp#196:issue_comment:3700206208,Suggestion-Invocation,Talking-to-AI,1,
Open-J-Proxy/ojp#196:issue_comment:3700308239,Suggestion-TaskDelegation,Talking-to-AI,1.0,
Open-J-Proxy/ojp#196:issue_comment:3700338464,Suggestion-TaskDelegation,Talking-to-AI,1,
Open-J-Proxy/ojp#196:issue_comment:3701590360,Suggestion-TaskDelegation,Talking-to-AI,1,
Open-J-Proxy/ojp#196:issue_comment:3701792517,Suggestion-Invocation,Talking-to-AI,1,
Open-J-Proxy/ojp#196:issue_comment:3701826297,Suggestion-TaskDelegation,Talking-to-AI,1.0,
Open-J-Proxy/ojp#196:issue_comment:3701977496,Suggestion-Invocation,Talking-to-AI,1,
Open-J-Proxy/ojp#196:issue_comment:3702113071,Suggestion-Invocation,Talking-to-AI,1.0,
Open-J-Proxy/ojp#196:issue_comment:3702200774,Suggestion-Invocation,Talking-to-AI,1.0,
Open-J-Proxy/ojp#196:issue_comment:3702225710,Suggestion-TaskDelegation,Talking-to-AI,0.9,
Open-J-Proxy/ojp#196:issue_comment:3702251065,Suggestion-Invocation,Talking-to-AI,1,
Open-J-Proxy/ojp#196:issue_comment:3702860412,Suggestion-Invocation,Talking-to-AI,1.0,
Open-J-Proxy/ojp#196:issue_comment:3702995361,Suggestion-TaskDelegation,Talking-to-AI,0.9,
Open-J-Proxy/ojp#196:issue_comment:3703477881,Suggestion-Invocation,Talking-to-AI,1.0,
Open-J-Proxy/ojp#196:issue_comment:3703521609,Suggestion-TaskDelegation,Talking-to-AI,0.9,
Open-J-Proxy/ojp#196:issue_comment:3703544896,Suggestion-Invocation,Talking-to-AI,1.0,
Open-J-Proxy/ojp#196:issue_comment:3704632309,Suggestion-TaskDelegation,Talking-to-AI,1,
Open-J-Proxy/ojp#196:issue_comment:3704939789,Suggestion-Invocation,Talking-to-AI,high,
Open-J-Proxy/ojp#196:issue_comment:3705592911,Suggestion-Invocation,Talking-to-AI,,
Open-J-Proxy/ojp#196:issue_comment:3705609810,Suggestion-TaskDelegation,Talking-to-AI,1,
PriorityLexusVB/AFTERMARKET-MENU#106:issue_comment:3702957657,Suggestion-StepInstruction,Talking-to-AI,0.9,
PriorityLexusVB/AFTERMARKET-MENU#107:issue_comment:3702999940,Suggestion-Invocation,Talking-to-AI,1.0,
PriorityLexusVB/AFTERMARKET-MENU#107:issue_comment:3703033646,Suggestion-Invocation,Talking-to-AI,1.0,
PriorityLexusVB/AFTERMARKET-MENU#107:issue_comment:3703069875,Suggestion-TaskDelegation,Talking-to-AI,1.0,
PriorityLexusVB/rocket_aftermarket_tracker#262:issue_comment:3703051087,Suggestion-Invocation,Talking-to-AI,1.0,
PriorityLexusVB/rocket_aftermarket_tracker#262:issue_comment:3703238773,Suggestion-Invocation,Talking-to-AI,0.9,
RobGibbens/CardGames#184:issue_comment:3702384695,Suggestion-Invocation,Talking-to-AI,1,
RobGibbens/CardGames#184:issue_comment:3702585028,Suggestion-Invocation,Talking-to-AI,1.0,
RobGibbens/CardGames#184:issue_comment:3702631656,Suggestion-Invocation,Talking-to-AI,1,
RobGibbens/CardGames#184:issue_comment:3702675702,Suggestion-Invocation,Talking-to-AI,1,
RobGibbens/CardGames#184:issue_comment:3702688110,Suggestion-Invocation,Talking-to-AI,,
RobGibbens/CardGames#184:issue_comment:3702736640,Suggestion-Invocation,Talking-to-AI,1.0,
RobGibbens/CardGames#184:issue_comment:3702873735,Suggestion-Invocation,Talking-to-AI,,
RobGibbens/CardGames#184:issue_comment:3702959865,Suggestion-Invocation,Talking-to-AI,0.9,
RobGibbens/CardGames#184:issue_comment:3702972295,Suggestion-Invocation,Talking-to-AI,1.0,
RobGibbens/CardGames#184:issue_comment:3702985008,Suggestion-Invocation,Talking-to-AI,1.0,
RobGibbens/CardGames#184:issue_comment:3702986251,Suggestion-Invocation,Talking-to-AI,,
RobGibbens/CardGames#184:issue_comment:3703132822,Suggestion-Invocation,Talking-to-AI,,
SharpMUSH/SharpMUSH#326:issue_comment:3702799351,Suggestion-Invocation,Talking-to-AI,0.9,
SharpMUSH/SharpMUSH#326:issue_comment:3702857911,Suggestion-TaskDelegation,Talking-to-AI,1.0,
SharpMUSH/SharpMUSH#326:issue_comment:3702947761,Suggestion-Invocation,Talking-to-AI,,
SharpMUSH/SharpMUSH#326:issue_comment:3702970610,Suggestion-TaskDelegation,Talking-to-AI,high,
SharpMUSH/SharpMUSH#326:issue_comment:3702981782,Suggestion-Invocation,Talking-to-AI,high,
SharpMUSH/SharpMUSH#326:issue_comment:3702986104,Suggestion-Invocation,Talking-to-AI,,
SharpMUSH/SharpMUSH#326:issue_comment:3702999626,Suggestion-Invocation,Talking-to-AI,low,
SharpMUSH/SharpMUSH#326:issue_comment:3703009455,Suggestion-Invocation,Talking-to-AI,1,
SharpMUSH/SharpMUSH#326:issue_comment:3703053311,Suggestion-Invocation,Talking-to-AI,1.0,
SimulatorLife/prettier-plugin-gml#5612:issue_comment:3703021627,Suggestion-StepInstruction,Talking-to-AI,0.9,
Stage4000/420th#1:issue_comment:3702981000,Suggestion-Invocation,Talking-to-AI,0.8,
Stage4000/420th#1:issue_comment:3702989309,Suggestion-Invocation,Talking-to-AI,high,
Stage4000/420th#1:issue_comment:3703003880,Suggestion-Invocation,Talking-to-AI,1.0,
Stage4000/420th#1:issue_comment:3703042550,Suggestion-Invocation,Talking-to-AI,0.9,
Stage4000/420th#1:issue_comment:3703058845,Suggestion-Invocation,Talking-to-AI,1.0,
Stage4000/420th#1:issue_comment:3703145228,Suggestion-Invocation,Talking-to-AI,,
Stage4000/420th#1:issue_comment:3703155364,Suggestion-Invocation,Talking-to-AI,1.0,
Stage4000/420th#1:issue_comment:3703158912,Suggestion-Invocation,Talking-to-AI,1.0,
Stage4000/420th#1:issue_comment:3703163707,Suggestion-Invocation,Talking-to-AI,1,
Stage4000/420th#1:issue_comment:3703172778,Suggestion-Invocation,Talking-to-AI,1.0,
Stage4000/420th#1:issue_comment:3703179007,Suggestion-Invocation,Talking-to-AI,1,
Stage4000/420th#1:issue_comment:3703182814,Suggestion-Invocation,Talking-to-AI,1.0,
Stage4000/420th#1:issue_comment:3703186105,Suggestion-Invocation,Talking-to-AI,1.0,
Stage4000/420th#1:issue_comment:3703187675,Suggestion-Invocation,Talking-to-AI,0.9,
Stage4000/420th#1:issue_comment:3703188026,Suggestion-Invocation,Talking-to-AI,1,
Stage4000/420th#1:issue_comment:3703191402,Suggestion-Invocation,Talking-to-AI,0.9,
Stage4000/420th#1:issue_comment:3703192396,Suggestion-Invocation,Talking-to-AI,1,
Stage4000/420th#1:issue_comment:3704016738,Suggestion-Invocation,Talking-to-AI,1,
Stage4000/420th#1:issue_comment:3704052095,Suggestion-Invocation,Talking-to-AI,0.8,
Stage4000/420th#1:issue_comment:3704055023,Suggestion-Invocation,Talking-to-AI,0.8,
Stage4000/420th#1:issue_comment:3704058050,Suggestion-Invocation,Talking-to-AI,1,
Stage4000/420th#1:issue_comment:3704065125,Suggestion-Invocation,Talking-to-AI,1.0,
Stage4000/420th#1:issue_comment:3704070108,Suggestion-Invocation,Talking-to-AI,1,
Stage4000/420th#1:issue_comment:3704085964,Suggestion-Invocation,Talking-to-AI,1.0,
Stage4000/420th#1:issue_comment:3704092772,Suggestion-Invocation,Talking-to-AI,1.0,
Stage4000/420th#1:issue_comment:3704101153,Suggestion-Invocation,Talking-to-AI,1,
Stage4000/420th#1:issue_comment:3704342154,Suggestion-Invocation,Talking-to-AI,1,
Stage4000/420th#1:issue_comment:3704348812,Suggestion-Invocation,Talking-to-AI,1.0,
Stage4000/420th#1:issue_comment:3704356147,Suggestion-Invocation,Talking-to-AI,1.0,
Stage4000/420th#1:issue_comment:3704362218,Suggestion-Invocation,Talking-to-AI,0.9,
Stage4000/420th#1:issue_comment:3704364765,Suggestion-Invocation,Talking-to-AI,1,
Stage4000/420th#1:issue_comment:3704366838,Suggestion-Invocation,Talking-to-AI,,
Stage4000/420th#1:issue_comment:3704371260,Suggestion-Invocation,Talking-to-AI,1,
Stage4000/420th#1:issue_comment:3704372058,Suggestion-Invocation,Talking-to-AI,1,
Stage4000/420th#1:issue_comment:3704423031,Suggestion-Invocation,Talking-to-AI,1.0,
Stage4000/420th#1:issue_comment:3704427209,Suggestion-Invocation,Talking-to-AI,0.9,
Stage4000/420th#1:issue_comment:3704431643,Suggestion-Invocation,Talking-to-AI,1,
TBog/Crypto-calculator#125:issue_comment:3703054817,Suggestion-TaskDelegation,Talking-to-AI,0.9,
THEDEV077/SpringBootProject1#3:issue_comment:3661250134,Suggestion-Invocation,Talking-to-AI,1,
THEDEV077/SpringBootProject1#3:issue_comment:3670406370,Suggestion-Invocation,Talking-to-AI,1,
THEDEV077/SpringBootProject1#3:issue_comment:3670458821,Suggestion-Invocation,Talking-to-AI,1.0,
THEDEV077/SpringBootProject1#3:issue_comment:3670520243,Suggestion-Invocation,Talking-to-AI,0.9,
THEDEV077/SpringBootProject1#3:issue_comment:3670598575,Suggestion-Invocation,Talking-to-AI,1.0,
THEDEV077/SpringBootProject1#3:issue_comment:3670647138,Suggestion-Invocation,Talking-to-AI,0.8,
THEDEV077/SpringBootProject1#3:issue_comment:3702883322,Suggestion-Invocation,Talking-to-AI,,
THEDEV077/SpringBootProject1#3:issue_comment:3702974281,Suggestion-StepInstruction,Talking-to-AI,,
THEDEV077/SpringBootProject1#3:issue_comment:3703064789,Suggestion-Invocation,Talking-to-AI,1.0,
THEDEV077/SpringBootProject1#3:issue_comment:3703070409,Suggestion-Invocation,Talking-to-AI,1,
THEDEV077/SpringBootProject1#3:issue_comment:3703073983,Suggestion-Invocation,Talking-to-AI,0.8,
THEDEV077/SpringBootProject1#3:issue_comment:3703416819,Suggestion-Invocation,Talking-to-AI,1.0,
THEDEV077/SpringBootProject1#3:issue_comment:3703485672,Suggestion-Invocation,Talking-to-AI,0.9,
Tbearden10/cheapraidbanners#28:issue_comment:3702965411,Suggestion-Invocation,Talking-to-AI,1,
Xenthio/UITest#30:issue_comment:3702961368,Suggestion-Invocation,Talking-to-AI,,
Xenthio/UITest#30:issue_comment:3702965470,Suggestion-Invocation,Talking-to-AI,,
Xenthio/UITest#30:issue_comment:3703025583,Suggestion-Invocation,Talking-to-AI,high,
Xenthio/UITest#30:issue_comment:3703077359,Suggestion-Invocation,Talking-to-AI,1,
Xenthio/UITest#30:issue_comment:3703094960,Suggestion-Invocation,Talking-to-AI,1.0,
Xenthio/UITest#30:issue_comment:3703099694,Suggestion-Invocation,Talking-to-AI,1,
Xenthio/UITest#30:issue_comment:3703106842,Suggestion-TaskDelegation,Talking-to-AI,1,
Xenthio/UITest#30:issue_comment:3703139407,Suggestion-Invocation,Talking-to-AI,,
Xenthio/UITest#30:issue_comment:3703146866,Suggestion-TaskDelegation,Talking-to-AI,,
Xenthio/UITest#30:issue_comment:3703156185,Suggestion-Invocation,Talking-to-AI,1.0,
Xenthio/UITest#30:issue_comment:3703170260,Suggestion-Invocation,Talking-to-AI,1.0,
Xenthio/UITest#30:issue_comment:3703180743,Suggestion-Invocation,Talking-to-AI,0.9,
Xenthio/UITest#30:issue_comment:3703183002,Suggestion-Invocation,Talking-to-AI,1,
Xenthio/UITest#30:issue_comment:3703191020,Suggestion-Invocation,Talking-to-AI,1.0,
Xenthio/UITest#30:issue_comment:3703207326,Suggestion-Invocation,Talking-to-AI,high,
Yasser1728/tec-ecosystem#120:issue_comment:3703053083,Suggestion-Invocation,Talking-to-AI,0.9,
Yasser1728/tec-ecosystem#120:issue_comment:3703055872,Suggestion-Invocation,Talking-to-AI,0,
YvedD/BirdNET-Pi-MigCount#21:issue_comment:3707092615,Suggestion-Invocation,Talking-to-AI,1.0,
YvedD/BirdNET-Pi-MigCount#21:issue_comment:3707107883,Suggestion-Invocation,Talking-to-AI,1,
algesten/str0m#810:issue_comment:3702890182,Suggestion-Invocation,Talking-to-AI,Not provided,Not provided
algesten/str0m#810:issue_comment:3702911133,Suggestion-Invocation,Talking-to-AI,1,
algesten/str0m#810:issue_comment:3702921582,Suggestion-TaskDelegation,Talking-to-AI,1,
algesten/str0m#810:issue_comment:3702931928,Suggestion-Invocation,Talking-to-AI,1,
algesten/str0m#810:issue_comment:3702956416,Suggestion-TaskDelegation,Talking-to-AI,1.0,
algesten/str0m#810:issue_comment:3702968042,Suggestion-Invocation,Talking-to-AI,0.9,
algesten/str0m#810:issue_comment:3702978535,Suggestion-Invocation,Talking-to-AI,1,
algesten/str0m#810:issue_comment:3702981764,Suggestion-Invocation,Talking-to-AI,,
algesten/str0m#810:issue_comment:3702986065,Suggestion-Invocation,Talking-to-AI,1,
algesten/str0m#810:issue_comment:3702993150,Suggestion-Invocation,Talking-to-AI,0.9,
algesten/str0m#810:issue_comment:3703012039,Suggestion-Invocation,Talking-to-AI,high,
algesten/str0m#810:issue_comment:3703020529,Suggestion-TaskDelegation,Talking-to-AI,0.8,
algesten/str0m#810:issue_comment:3703035792,Suggestion-Invocation,Talking-to-AI,1.0,
algesten/str0m#810:issue_comment:3703051170,Suggestion-Invocation,Talking-to-AI,,
algesten/str0m#810:issue_comment:3703062874,Suggestion-Invocation,Talking-to-AI,1.0,
algesten/str0m#810:issue_comment:3703065097,Suggestion-Invocation,Talking-to-AI,0.9,
anassgono3-ctrl/LiquidBot#186:issue_comment:3702999772,Suggestion-TaskDelegation,Talking-to-AI,1.0,
andersaamodt/wizardry#769:issue_comment:3702939502,Suggestion-Invocation,Talking-to-AI,1.0,
andersaamodt/wizardry#771:issue_comment:3703035544,Suggestion-Invocation,Talking-to-AI,1.0,
andersaamodt/wizardry#771:issue_comment:3703056768,Suggestion-Invocation,Talking-to-AI,1,
andersaamodt/wizardry#771:issue_comment:3703084633,Suggestion-Invocation,Talking-to-AI,1.0,
aws-amplify-jp/aws-amplify-jp.github.io#73:issue_comment:3703065733,Suggestion-Invocation,Talking-to-AI,,
aws-amplify-jp/aws-amplify-jp.github.io#73:issue_comment:3703091169,Suggestion-Invocation,Talking-to-AI,1.0,
aws-amplify-jp/aws-amplify-jp.github.io#73:issue_comment:3703106007,Suggestion-Invocation,Talking-to-AI,1,
aws-amplify-jp/aws-amplify-jp.github.io#73:issue_comment:3703124162,Suggestion-TaskDelegation,Talking-to-AI,0.9,
bberardi/finance-calculator#27:issue_comment:3701342255,Suggestion-Invocation,Talking-to-AI,1.0,
bberardi/finance-calculator#27:issue_comment:3701407305,Suggestion-Invocation,Talking-to-AI,low,
bberardi/finance-calculator#27:review_comment:2654819398,Suggestion-Invocation,Talking-to-AI,high,
bberardi/finance-calculator#27:issue_comment:3701474158,Suggestion-Invocation,Talking-to-AI,1,
bberardi/finance-calculator#27:review_comment:2654832987,Suggestion-Invocation,Talking-to-AI,1,
bberardi/finance-calculator#27:issue_comment:3702455505,Suggestion-Invocation,Talking-to-AI,0.9,
bberardi/finance-calculator#27:issue_comment:3702491095,Suggestion-Invocation,Talking-to-AI,1.0,
bberardi/finance-calculator#27:issue_comment:3703063927,Suggestion-Invocation,Talking-to-AI,1.0,
bberardi/finance-calculator#27:review_comment:2656737006,Suggestion-Invocation,Talking-to-AI,1,
bdossantos/bds.home.arpa#146:issue_comment:3702959980,Suggestion-Invocation,Talking-to-AI,1.0,
carstenartur/eclipse.jdt.ui#43:issue_comment:3703008850,Suggestion-Invocation,Talking-to-AI,1.0,
carstenartur/eclipse.jdt.ui#43:issue_comment:3703231785,Suggestion-Invocation,Talking-to-AI,1.0,
carstenartur/eclipse.jdt.ui#43:issue_comment:3703250323,Suggestion-TaskDelegation,Talking-to-AI,1,
carstenartur/eclipse.jdt.ui#43:issue_comment:3703270016,Suggestion-Invocation,Talking-to-AI,,
carstenartur/eclipse.jdt.ui#43:issue_comment:3703294646,Suggestion-Invocation,Talking-to-AI,1,
carstenartur/eclipse.jdt.ui#43:issue_comment:3703337270,Suggestion-Invocation,Talking-to-AI,,
carstenartur/eclipse.jdt.ui#43:issue_comment:3745952472,Suggestion-Invocation,Talking-to-AI,1,
carstenartur/eclipse.jdt.ui#43:issue_comment:3749002151,Suggestion-TaskDelegation,Talking-to-AI,0.9,
carstenartur/eclipse.jdt.ui#43:issue_comment:3751162974,Suggestion-Invocation,Talking-to-AI,1.0,
chippr-robotics/prediction-dao-research#371:issue_comment:3703060702,Suggestion-TaskDelegation,Talking-to-AI,1.0,
chippr-robotics/prediction-dao-research#371:issue_comment:3704251917,Suggestion-Recommendation,Talking-about-AI,0.9,
chippr-robotics/prediction-dao-research#371:issue_comment:3706670495,Suggestion-StepInstruction,Talking-to-AI,0.9,
cjempey/the-next-step#11:issue_comment:3703001051,Suggestion-StepInstruction,Talking-to-AI,1,
curtcox/Viewer#658:issue_comment:3702942816,Suggestion-TaskDelegation,Talking-to-AI,1.0,
curtcox/Viewer#658:issue_comment:3702951156,Suggestion-Invocation,Talking-to-AI,,
curtcox/Viewer#658:issue_comment:3702973042,Suggestion-Invocation,Talking-to-AI,,
curtcox/Viewer#658:issue_comment:3702984231,Suggestion-Invocation,Talking-to-AI,1,
curtcox/Viewer#658:issue_comment:3702994218,Suggestion-Invocation,Talking-to-AI,1,
curtcox/Viewer#658:issue_comment:3703031883,Suggestion-Invocation,Talking-to-AI,,
daisytuner/sdfglib#423:issue_comment:3702794918,Suggestion-Invocation,Talking-to-AI,1.0,
daisytuner/sdfglib#423:issue_comment:3702863889,Suggestion-Invocation,Talking-to-AI,high,
daisytuner/sdfglib#423:issue_comment:3702940966,Suggestion-Invocation,Talking-to-AI,,
daisytuner/sdfglib#423:issue_comment:3703230916,Suggestion-Invocation,Talking-to-AI,,
daisytuner/sdfglib#423:issue_comment:3703260252,Suggestion-Invocation,Talking-to-AI,,
daisytuner/sdfglib#423:issue_comment:3703292626,Suggestion-Invocation,Talking-to-AI,high,
daisytuner/sdfglib#423:issue_comment:3709508009,Suggestion-Invocation,Talking-to-AI,,
damianGG/posadzki-zywiczne#38:issue_comment:3702977767,Suggestion-Invocation,Talking-to-AI,1.0,
damianGG/posadzki-zywiczne#38:issue_comment:3703434099,Suggestion-Invocation,Talking-to-AI,1.0,
damianGG/posadzki-zywiczne#38:issue_comment:3703440038,Suggestion-Invocation,Talking-to-AI,1,
damianGG/posadzki-zywiczne#38:issue_comment:3703457574,Suggestion-Invocation,Talking-to-AI,,
damianGG/posadzki-zywiczne#38:issue_comment:3703482253,Suggestion-Invocation,Talking-to-AI,HIGH,
dawgg20sum-sketch/parser#1:issue_comment:3703016835,Suggestion-Invocation,Talking-to-AI,1,
dbosk/ladok3#122:review:3621473893,Suggestion-Invocation,Talking-to-AI,0.9,
dbosk/ladok3#122:review_comment:2655981608,Suggestion-Invocation,Talking-to-AI,0.9,
dbosk/ladok3#122:review:3621530895,Suggestion-Invocation,Talking-to-AI,1.0,
debian1313-ui/xiaoshiliu#15:issue_comment:3702947515,Suggestion-Invocation,Talking-to-AI,0.9,
debian1313-ui/xiaoshiliu#15:issue_comment:3702953922,Suggestion-Invocation,Talking-to-AI,1.0,
debian1313-ui/xiaoshiliu#15:issue_comment:3702958954,Suggestion-Invocation,Talking-to-AI,1,
debian1313-ui/xiaoshiliu#15:issue_comment:3702961478,Suggestion-Invocation,Talking-to-AI,0.8,
demaconsulting/DotnetToolWrapper#28:issue_comment:3702947644,Suggestion-Invocation,Talking-to-AI,1.0,
develop4God/habitus_faith#43:issue_comment:3696672151,Suggestion-Invocation,Talking-to-AI,,
develop4God/habitus_faith#43:issue_comment:3696784651,Suggestion-Invocation,Talking-to-AI,high,
develop4God/habitus_faith#43:issue_comment:3703063417,Suggestion-TaskDelegation,Talking-to-AI,,
dfinke/Powershell-interpreter-in-Rust#13:issue_comment:3703025559,Suggestion-Invocation,Talking-to-AI,,
dotnet/runtime#122791:review_comment:2654777688,Suggestion-Invocation,Talking-to-AI,1,
dotnet/runtime#122791:issue_comment:3701420306,Suggestion-TaskDelegation,Talking-to-AI,1.0,
dotnet/runtime#122791:review_comment:2654792526,Suggestion-TaskDelegation,Talking-to-AI,1,
dotnet/runtime#122791:issue_comment:3701431929,Suggestion-Invocation,Talking-to-AI,1,
dotnet/runtime#122791:review_comment:2654802504,Suggestion-Invocation,Talking-to-AI,1,
dotnet/runtime#122791:review_comment:2654876749,Suggestion-Invocation,Talking-to-AI,,
dotnet/runtime#122791:review_comment:2654879788,Suggestion-Invocation,Talking-to-AI,1.0,
dotnet/runtime#122791:review_comment:2654881074,Suggestion-Invocation,Talking-to-AI,,
dotnet/runtime#122791:review_comment:2654884755,Suggestion-Invocation,Talking-to-AI,1,
dotnet/runtime#122791:review_comment:2654909215,Suggestion-Invocation,Talking-to-AI,1.0,
dotnet/runtime#122791:review_comment:2655437951,Suggestion-Invocation,Talking-to-AI,1.0,
dotnet/runtime#122791:issue_comment:3702267621,Suggestion-Invocation,Talking-to-AI,,
dotnet/runtime#122791:review_comment:2655488111,Suggestion-Invocation,Talking-to-AI,1.0,
dotnet/runtime#122791:review_comment:2655492394,Suggestion-Invocation,Talking-to-AI,1.0,
dotnet/runtime#122791:issue_comment:3702333329,Suggestion-Invocation,Talking-to-AI,high,
dotnet/runtime#122791:review_comment:2655525825,Suggestion-Invocation,Talking-to-AI,1,
dotnet/runtime#122791:review_comment:2655527598,Suggestion-Invocation,Talking-to-AI,high,
dotnet/runtime#122791:review_comment:2655562667,Suggestion-Invocation,Talking-to-AI,1,
dotnet/runtime#122791:review_comment:2655569167,Suggestion-Invocation,Talking-to-AI,,
dotnet/runtime#122791:review_comment:2655574530,Suggestion-Invocation,Talking-to-AI,,
dotnet/runtime#122791:review_comment:2655634355,Suggestion-Invocation,Talking-to-AI,0.9,
dotnet/runtime#122791:review_comment:2655636719,Suggestion-Invocation,Talking-to-AI,1,
dotnet/runtime#122791:review_comment:2655642227,Suggestion-Invocation,Talking-to-AI,1.0,
dotnet/runtime#122791:review_comment:2655737126,Suggestion-Invocation,Talking-to-AI,high,
dotnet/runtime#122791:review_comment:2655740005,Suggestion-Invocation,Talking-to-AI,,
dotnet/runtime#122791:review_comment:2655760767,Suggestion-Invocation,Talking-to-AI,1.0,
dotnet/runtime#122791:issue_comment:3702730117,Suggestion-StepInstruction,Talking-to-AI,,
dotnet/runtime#122791:issue_comment:3702741018,Suggestion-Invocation,Talking-to-AI,1,
dotnet/runtime#122791:issue_comment:3702844829,Suggestion-Invocation,Talking-to-AI,1,
dotnet/runtime#122791:issue_comment:3702848905,Suggestion-Invocation,Talking-to-AI,0.9,
dotnet/runtime#122791:issue_comment:3702995325,Suggestion-Invocation,Talking-to-AI,1,
dotnet/runtime#122791:review_comment:2655984311,Suggestion-Invocation,Talking-to-AI,1,
dotnet/runtime#122791:review_comment:2655984581,Suggestion-Invocation,Talking-to-AI,1,
dotnet/runtime#122791:issue_comment:3703138275,Suggestion-Invocation,Talking-to-AI,,
dotnet/runtime#122791:review_comment:2656025882,Suggestion-Invocation,Talking-to-AI,0.9,
dotnet/runtime#122791:issue_comment:3703163539,Suggestion-Invocation,Talking-to-AI,high,
dotnet/runtime#122791:review_comment:2656195166,Suggestion-TaskDelegation,Talking-to-AI,,
dotnet/runtime#122805:issue_comment:3703069136,Suggestion-Invocation,Talking-to-AI,1.0,
dotnet/runtime#122805:review_comment:2657927623,Suggestion-TaskDelegation,Talking-to-AI,,
egirard/Ashardalon#316:review:3621476555,Suggestion-Invocation,Talking-to-AI,1.0,
egirard/Ashardalon#318:issue_comment:3703023205,Suggestion-Invocation,Talking-to-AI,1,
endomorphosis/ipfs_datasets_py#897:issue_comment:3702846362,Suggestion-StepInstruction,Talking-to-AI,0.9,
endomorphosis/ipfs_datasets_py#897:issue_comment:3702862135,Suggestion-TaskDelegation,Talking-to-AI,1,
endomorphosis/ipfs_datasets_py#897:issue_comment:3702950680,Suggestion-Invocation,Talking-to-AI,,
endomorphosis/ipfs_datasets_py#897:issue_comment:3702963875,Suggestion-TaskDelegation,Talking-to-AI,high,
erikohliv/fotbollsplan-bevattning#62:issue_comment:3703033416,Suggestion-Invocation,Talking-to-AI,1.0,
finos/morphir-dotnet#373:issue_comment:3703029283,Suggestion-TaskDelegation,Talking-to-AI,0.9,
finos/morphir-dotnet#373:issue_comment:3703037540,Suggestion-Invocation,Talking-to-AI,1.0,
finos/morphir-dotnet#373:issue_comment:3703059036,Suggestion-Invocation,Talking-to-AI,1,
fmidue/modelling-tasks#521:issue_comment:3702304772,Suggestion-Invocation,Talking-to-AI,,
fmidue/modelling-tasks#521:issue_comment:3702445262,Suggestion-Invocation,Talking-to-AI,high,
fmidue/modelling-tasks#521:issue_comment:3702498328,Suggestion-Invocation,Talking-to-AI,1,
fmidue/modelling-tasks#521:issue_comment:3702523947,Suggestion-Invocation,Talking-to-AI,,
fmidue/modelling-tasks#521:issue_comment:3702694769,Suggestion-Invocation,Talking-to-AI,high,
fmidue/modelling-tasks#521:issue_comment:3702832318,Suggestion-Invocation,Talking-to-AI,1.0,
fmidue/modelling-tasks#521:issue_comment:3702973394,Suggestion-Invocation,Talking-to-AI,1.0,
fmidue/modelling-tasks#521:issue_comment:3703468714,Suggestion-Invocation,Talking-to-AI,,
fmidue/modelling-tasks#521:issue_comment:3703486740,Suggestion-Invocation,Talking-to-AI,1.0,
fmidue/modelling-tasks#521:issue_comment:3703537225,Suggestion-Invocation,Talking-to-AI,1.0,
franznoel/pang-daily-planner#38:issue_comment:3702969725,Suggestion-Invocation,Talking-to-AI,1.0,
franznoel/pang-daily-planner#38:issue_comment:3703016785,Suggestion-TaskDelegation,Talking-to-AI,,
franznoel/pang-daily-planner#38:issue_comment:3740261773,Suggestion-Invocation,Talking-to-AI,1.0,
franznoel/pang-daily-planner#38:issue_comment:3740319606,Suggestion-Invocation,Talking-to-AI,1.0,
franznoel/pang-daily-planner#38:issue_comment:3740427074,Suggestion-Invocation,Talking-to-AI,1,
franznoel/pang-daily-planner#38:issue_comment:3740501287,Suggestion-Invocation,Talking-to-AI,,
franznoel/pang-daily-planner#38:issue_comment:3740573271,Suggestion-Invocation,Talking-to-AI,1,
fritz-net/AoE2-Civbuilder#186:issue_comment:3694286891,Suggestion-Invocation,Talking-to-AI,1.0,
fritz-net/AoE2-Civbuilder#186:issue_comment:3694718258,Suggestion-Invocation,Talking-to-AI,1.0,
fritz-net/AoE2-Civbuilder#186:issue_comment:3694975097,Suggestion-StepInstruction,Talking-to-AI,1.0,
fritz-net/AoE2-Civbuilder#186:issue_comment:3694993816,Suggestion-TaskDelegation,Talking-to-AI,1,
fritz-net/AoE2-Civbuilder#186:review_comment:2650714459,Suggestion-Invocation,Talking-to-AI,1,
fritz-net/AoE2-Civbuilder#186:issue_comment:3697187752,Suggestion-Invocation,Talking-to-AI,1,
fritz-net/AoE2-Civbuilder#186:issue_comment:3697365877,Suggestion-Invocation,Talking-to-AI,1.0,
fritz-net/AoE2-Civbuilder#186:issue_comment:3697626910,Suggestion-Invocation,Talking-to-AI,high,
fritz-net/AoE2-Civbuilder#186:issue_comment:3697828263,Suggestion-Invocation,Talking-to-AI,0.9,
fritz-net/AoE2-Civbuilder#186:issue_comment:3702099028,Suggestion-Invocation,Talking-to-AI,1.0,
fritz-net/AoE2-Civbuilder#186:issue_comment:3702302435,Suggestion-Invocation,Talking-to-AI,1.0,
fritz-net/AoE2-Civbuilder#186:issue_comment:3702941875,Suggestion-Invocation,Talking-to-AI,1,
fritz-net/AoE2-Civbuilder#186:review:3621483395,Suggestion-Invocation,Talking-to-AI,1.0,
fritz-net/AoE2-Civbuilder#189:issue_comment:3694954222,Suggestion-TaskDelegation,Talking-to-AI,0.9,
fritz-net/AoE2-Civbuilder#189:issue_comment:3694968841,Suggestion-Invocation,Talking-to-AI,,
fritz-net/AoE2-Civbuilder#189:issue_comment:3694979043,Suggestion-Invocation,Talking-to-AI,1.0,
fritz-net/AoE2-Civbuilder#189:issue_comment:3697134549,Suggestion-Invocation,Talking-to-AI,high,
fritz-net/AoE2-Civbuilder#189:issue_comment:3702972213,Suggestion-Invocation,Talking-to-AI,1.0,
fritz-net/AoE2-Civbuilder#189:issue_comment:3702982466,Suggestion-TaskDelegation,Talking-to-AI,0.9,
fritz-net/AoE2-Civbuilder#189:issue_comment:3702988650,Suggestion-TaskDelegation,Talking-to-AI,0.9,
fritz-net/AoE2-Civbuilder#209:issue_comment:3702960865,Suggestion-Invocation,Talking-to-AI,High,
fritz-net/AoE2-Civbuilder#209:issue_comment:3702973566,Suggestion-Invocation,Talking-to-AI,1,
fritz-net/AoE2-Civbuilder#209:issue_comment:3702980151,Suggestion-Invocation,Talking-to-AI,1,
georgi/shinmun#6:issue_comment:3703037434,Suggestion-Invocation,Talking-to-AI,high,
georgi/shinmun#6:issue_comment:3703046394,Suggestion-Invocation,Talking-to-AI,1.0,
githubnext/gh-aw#8355:issue_comment:3702943097,Suggestion-Invocation,Talking-to-AI,1.0,
githubnext/gh-aw#8362:issue_comment:3702988912,Suggestion-Invocation,Talking-to-AI,high,
githubnext/gh-aw#8362:review_comment:2655966505,Suggestion-Invocation,Talking-to-AI,,
goataka/attendance-kit#7:issue_comment:3701051691,Suggestion-Invocation,Talking-to-AI,1.0,
goataka/attendance-kit#7:issue_comment:3701252626,Suggestion-Invocation,Talking-to-AI,0.9,
goataka/attendance-kit#7:issue_comment:3701410473,Suggestion-Invocation,Talking-to-AI,,
goataka/attendance-kit#7:issue_comment:3701568693,Suggestion-Invocation,Talking-to-AI,1.0,
goataka/attendance-kit#7:review_comment:2655066531,Suggestion-Invocation,Talking-to-AI,1.0,
goataka/attendance-kit#7:issue_comment:3702991310,Suggestion-Invocation,Talking-to-AI,1,
h0witzer/onshape-std-library-mirror#58:issue_comment:3702758028,Suggestion-Invocation,Talking-to-AI,,
h0witzer/onshape-std-library-mirror#58:issue_comment:3702828856,Suggestion-Invocation,Talking-to-AI,0.9,
h0witzer/onshape-std-library-mirror#58:issue_comment:3702877591,Suggestion-Invocation,Talking-to-AI,1.0,
h0witzer/onshape-std-library-mirror#58:issue_comment:3702884551,Suggestion-Invocation,Talking-to-AI,1.0,
h0witzer/onshape-std-library-mirror#58:issue_comment:3702908201,Suggestion-Invocation,Talking-to-AI,1,
h0witzer/onshape-std-library-mirror#58:issue_comment:3702916904,Suggestion-Invocation,Talking-to-AI,1,
h0witzer/onshape-std-library-mirror#58:issue_comment:3702923250,Suggestion-Invocation,Talking-to-AI,1.0,
h0witzer/onshape-std-library-mirror#58:issue_comment:3702933201,Suggestion-StepInstruction,Talking-to-AI,0.8,
h0witzer/onshape-std-library-mirror#58:issue_comment:3702952015,Suggestion-Invocation,Talking-to-AI,1.0,
heimgewebe/semantAH#198:issue_comment:3702997831,Suggestion-Invocation,Talking-to-AI,1.0,
heimgewebe/semantAH#199:issue_comment:3703053402,Suggestion-Invocation,Talking-to-AI,1.0,
heyns1000/omnigrid#31:issue_comment:3702893341,Suggestion-Invocation,Talking-to-AI,1,
heyns1000/omnigrid#31:issue_comment:3702925002,Suggestion-Invocation,Talking-to-AI,1.0,
heyns1000/omnigrid#31:issue_comment:3702953168,Suggestion-TaskDelegation,Talking-to-AI,high,
heyns1000/omnigrid#31:issue_comment:3702955528,Suggestion-Invocation,Talking-to-AI,1.0,
heyns1000/omnigrid#31:issue_comment:3702958013,Suggestion-Invocation,Talking-to-AI,1.0,
heyns1000/omnigrid#31:issue_comment:3702967268,Suggestion-Invocation,Talking-to-AI,,
heyns1000/omnigrid#31:issue_comment:3702973878,Suggestion-Invocation,Talking-to-AI,1.0,
heyns1000/omnigrid#31:issue_comment:3702977122,Suggestion-Invocation,Talking-to-AI,0.9,
impakt73/ai-rust-hw-dev#40:issue_comment:3702731327,Suggestion-Invocation,Talking-to-AI,high,
impakt73/ai-rust-hw-dev#40:issue_comment:3702754355,Suggestion-TaskDelegation,Talking-to-AI,0.9,
impakt73/ai-rust-hw-dev#40:issue_comment:3702965594,Suggestion-Invocation,Talking-to-AI,,
impakt73/ai-rust-hw-dev#40:issue_comment:3703216024,Suggestion-Invocation,Talking-to-AI,,
impakt73/ai-rust-hw-dev#40:issue_comment:3703244141,Suggestion-Invocation,Talking-to-AI,,
impakt73/ai-rust-hw-dev#40:issue_comment:3703262839,Suggestion-TaskDelegation,Talking-to-AI,high,
impakt73/ai-rust-hw-dev#40:issue_comment:3703611034,Suggestion-Invocation,Talking-to-AI,1.0,
impakt73/ai-rust-hw-dev#40:issue_comment:3703628986,Suggestion-StepInstruction,Talking-to-AI,high,
influxdata/docs-v2#6622:issue_comment:3703021628,Suggestion-Invocation,Talking-to-AI,high,
influxdata/docs-v2#6622:issue_comment:3706392660,Suggestion-Invocation,Talking-to-AI,0.8,
ismaelloveexcel/terror-in-dubai#7:issue_comment:3703052747,Suggestion-Invocation,Talking-to-AI,1.0,
ismaelloveexcel/terror-in-dubai#7:issue_comment:3703056260,Suggestion-Invocation,Talking-to-AI,1,
ismaelloveexcel/terror-in-dubai#7:issue_comment:3703058733,Suggestion-Invocation,Talking-to-AI,1,
ismaelloveexcel/terror-in-dubai#7:issue_comment:3703064660,Suggestion-Invocation,Talking-to-AI,,
ismaelloveexcel/terror-in-dubai#7:issue_comment:3703326933,Suggestion-Invocation,Talking-to-AI,high,
ismaelloveexcel/terror-in-dubai#7:issue_comment:3703453511,Suggestion-Invocation,Talking-to-AI,,
ivviiviivvi/.github#148:issue_comment:3703231678,Suggestion-Invocation,Talking-to-AI,0.9,
jacpalmer15-arch/zenith-project-management#31:issue_comment:3702970381,Suggestion-Invocation,Talking-to-AI,,
jaredlewiswechs/Newton-api#5:issue_comment:3703020867,Suggestion-Invocation,Talking-to-AI,1.0,
jason-shprintz/dynastiest-league#29:review_comment:2655999507,Suggestion-Invocation,Talking-to-AI,1,
jchoi2x/hocuspocus#3:issue_comment:3702972104,Suggestion-Invocation,Talking-to-AI,1.0,
jchoi2x/hocuspocus#3:issue_comment:3702975335,Suggestion-Invocation,Talking-to-AI,1.0,
jchoi2x/hocuspocus#3:issue_comment:3702983641,Suggestion-Invocation,Talking-to-AI,1.0,
jchoi2x/hocuspocus#3:issue_comment:3702991641,Suggestion-TaskDelegation,Talking-to-AI,1.0,
jchoi2x/hocuspocus#3:issue_comment:3702992462,Suggestion-TaskDelegation,Talking-to-AI,1.0,
jchoi2x/hocuspocus#3:issue_comment:3702996639,Suggestion-Invocation,Talking-to-AI,1.0,
jchoi2x/hocuspocus#3:issue_comment:3703006312,Suggestion-Invocation,Talking-to-AI,1.0,
jchoi2x/hocuspocus#3:issue_comment:3713063280,Suggestion-Invocation,Talking-to-AI,0.9,
jchoi2x/hocuspocus#3:issue_comment:3716515073,Suggestion-Invocation,Talking-to-AI,1,
jchoi2x/hocuspocus#3:issue_comment:3716545290,Suggestion-Invocation,Talking-to-AI,1,
jonarasgames/AniVerse#51:issue_comment:3703036199,Suggestion-Invocation,Talking-to-AI,0.9,
jonerer/kort#5:issue_comment:3702926470,Suggestion-Invocation,Talking-to-AI,1,
jonerer/kort#5:issue_comment:3703037499,Suggestion-Invocation,Talking-to-AI,1,
jongalloway/dotnet-mcp#153:issue_comment:3702949300,Suggestion-Invocation,Talking-to-AI,high,
jongalloway/dotnet-mcp#153:issue_comment:3702953311,Suggestion-Invocation,Talking-to-AI,high,
jrupp/bricklayouts#42:review_comment:2655945946,Suggestion-Invocation,Talking-to-AI,0.9,
jrupp/bricklayouts#42:review_comment:2655947265,Suggestion-TaskDelegation,Talking-to-AI,high,
jrupp/bricklayouts#42:review_comment:2655948517,Suggestion-Invocation,Talking-to-AI,1,
jrupp/bricklayouts#42:review_comment:2656000163,Suggestion-Invocation,Talking-to-AI,1,
jrupp/bricklayouts#42:review_comment:2656001611,Suggestion-Invocation,Talking-to-AI,1,
jrupp/bricklayouts#42:review_comment:2656014306,Suggestion-Invocation,Talking-to-AI,1.0,
julienstroheker/AzHexGate#28:issue_comment:3702992148,Suggestion-Invocation,Talking-to-AI,1,
julienstroheker/AzHexGate#28:review:3621582353,Suggestion-Invocation,Talking-to-AI,,
julienstroheker/AzHexGate#28:issue_comment:3703214032,Suggestion-Invocation,Talking-to-AI,1.0,
julienstroheker/AzHexGate#28:issue_comment:3703218866,Suggestion-Invocation,Talking-to-AI,high,
julienstroheker/AzHexGate#28:issue_comment:3703242226,Suggestion-Invocation,Talking-to-AI,1.0,
julienstroheker/AzHexGate#28:review:3621982807,Suggestion-Invocation,Talking-to-AI,1,
k0swe/arrl-co-yotc#58:issue_comment:3702992003,Suggestion-Invocation,Talking-to-AI,,
k0swe/arrl-co-yotc#58:issue_comment:3703027439,Suggestion-Invocation,Talking-to-AI,1.0,
karlokarate/FishIT-Player#543:issue_comment:3702928416,Suggestion-Invocation,Talking-to-AI,,
karlokarate/FishIT-Player#543:issue_comment:3702946302,Suggestion-Invocation,Talking-to-AI,1.0,
karlokarate/FishIT-Player#543:issue_comment:3702959160,Suggestion-Invocation,Talking-to-AI,1,
karlokarate/FishIT-Player#544:issue_comment:3702948554,Suggestion-Invocation,Talking-to-AI,1.0,
karlokarate/FishIT-Player#544:issue_comment:3702977419,Suggestion-Invocation,Talking-to-AI,0.8,
karlokarate/FishIT-Player#544:review_comment:2655997579,Suggestion-Invocation,Talking-to-AI,1,
karlokarate/FishIT-Player#544:review_comment:2655999240,Suggestion-Invocation,Talking-to-AI,1,
karlokarate/FishIT-Player#544:review_comment:2655999257,Suggestion-Invocation,Talking-to-AI,,
karlokarate/FishIT-Player#544:review_comment:2655999878,Suggestion-Invocation,Talking-to-AI,1.0,
karlokarate/FishIT-Player#544:review_comment:2655999887,Suggestion-Invocation,Talking-to-AI,,
karlokarate/FishIT-Player#545:issue_comment:3703069874,Suggestion-Invocation,Talking-to-AI,1,
kesslerio/attio-mcp-server#1081:issue_comment:3702994379,Suggestion-Invocation,Talking-to-AI,1.0,
kevinchannon/tasktree#19:issue_comment:3702983302,Suggestion-TaskDelegation,Talking-to-AI,,
kevinchannon/tasktree#19:issue_comment:3703096667,Suggestion-TaskDelegation,Talking-to-AI,1.0,
kocheck/Graphium#180:issue_comment:3702968230,Suggestion-Invocation,Talking-to-AI,0.8,
kocheck/Graphium#180:review_comment:2655953470,Suggestion-Invocation,Talking-to-AI,1,
laike9m/pdir2#82:issue_comment:3703058580,Suggestion-Invocation,Talking-to-AI,1.0,
lorenzogm/opticasuarez#331:issue_comment:3703027062,Suggestion-Invocation,Talking-to-AI,1.0,
lorenzogm/opticasuarez#331:issue_comment:3703078429,Suggestion-Invocation,Talking-to-AI,,
machi0x/Memoiz#12:issue_comment:3702991226,Suggestion-Invocation,Talking-to-AI,1,
machi0x/Memoiz#12:issue_comment:3702996748,Suggestion-Invocation,Talking-to-AI,1.0,
machi0x/Memoiz#12:issue_comment:3702996801,Suggestion-Invocation,Talking-to-AI,1,
machi0x/Memoiz#12:issue_comment:3703001879,Suggestion-Invocation,Talking-to-AI,1,
machi0x/Memoiz#12:issue_comment:3703012568,Suggestion-Invocation,Talking-to-AI,1,
machi0x/Memoiz#12:issue_comment:3703022966,Suggestion-Invocation,Talking-to-AI,0.9,
machi0x/Memoiz#12:issue_comment:3703071182,Suggestion-Invocation,Talking-to-AI,1,
messerjon/TetrisClock#7:issue_comment:3702940302,Suggestion-Invocation,Talking-to-AI,1.0,
messerjon/TetrisClock#7:issue_comment:3703031671,Suggestion-Invocation,Talking-to-AI,0.8,
messerjon/TetrisClock#7:issue_comment:3703075417,Suggestion-Recommendation,Talking-about-AI,1.0,
mgradwohl/tasksmack#303:issue_comment:3702938514,Suggestion-StepInstruction,Talking-to-AI,0.9,
mgradwohl/tasksmack#303:issue_comment:3702966723,Suggestion-Invocation,Talking-to-AI,1.0,
mgradwohl/tasksmack#303:issue_comment:3702972069,Suggestion-StepInstruction,Talking-to-AI,1,
mgradwohl/tasksmack#303:issue_comment:3702990721,Suggestion-Invocation,Talking-to-AI,1,
mgradwohl/tasksmack#303:issue_comment:3703002991,Suggestion-Invocation,Talking-to-AI,1,
mgradwohl/tasksmack#303:issue_comment:3703007539,Suggestion-Invocation,Talking-to-AI,1.0,
mgradwohl/tasksmack#303:issue_comment:3703020620,Suggestion-Invocation,Talking-to-AI,1.0,
mgradwohl/tasksmack#303:issue_comment:3703096397,Suggestion-Invocation,Talking-to-AI,1.0,
mgradwohl/tasksmack#303:issue_comment:3703108815,Suggestion-Invocation,Talking-to-AI,1,
mgradwohl/tasksmack#303:issue_comment:3703112066,Suggestion-Invocation,Talking-to-AI,1.0,
mgradwohl/tasksmack#303:issue_comment:3703172176,Suggestion-Invocation,Talking-to-AI,,
mgradwohl/tasksmack#303:issue_comment:3703204204,Suggestion-Invocation,Talking-to-AI,high,
mgradwohl/tasksmack#303:issue_comment:3703212497,Suggestion-Invocation,Talking-to-AI,,
mgradwohl/tasksmack#303:issue_comment:3703222046,Suggestion-Invocation,Talking-to-AI,1.0,
mgradwohl/tasksmack#303:issue_comment:3703225743,Suggestion-Invocation,Talking-to-AI,1.0,
mgradwohl/tasksmack#303:review_comment:2656072062,Suggestion-Invocation,Talking-to-AI,0.8,
mgradwohl/tasksmack#303:review_comment:2656072073,Suggestion-Invocation,Talking-to-AI,1.0,
mgradwohl/tasksmack#303:issue_comment:3703387397,Suggestion-Invocation,Talking-to-AI,,
mgradwohl/tasksmack#303:review_comment:2656160597,Suggestion-Invocation,Talking-to-AI,1.0,
mgradwohl/tasksmack#303:review_comment:2656160642,Suggestion-Invocation,Talking-to-AI,1.0,
mgradwohl/tasksmack#303:issue_comment:3703407651,Suggestion-Invocation,Talking-to-AI,1,
mgradwohl/tasksmack#303:issue_comment:3703419002,Suggestion-Invocation,Talking-to-AI,1.0,
mgradwohl/tasksmack#303:issue_comment:3703419926,Suggestion-Invocation,Talking-to-AI,0.9,
mgradwohl/tasksmack#303:issue_comment:3703432180,Suggestion-Invocation,Talking-to-AI,1.0,
mgradwohl/tasksmack#303:issue_comment:3703432624,Suggestion-Invocation,Talking-to-AI,1.0,
mgradwohl/tasksmack#303:review_comment:2656188704,Suggestion-Invocation,Talking-to-AI,1.0,
mgradwohl/tasksmack#303:issue_comment:3703435849,Suggestion-Invocation,Talking-to-AI,high,
mgradwohl/tasksmack#303:issue_comment:3703437568,Suggestion-StepInstruction,Talking-to-AI,0.8,
mgradwohl/tasksmack#303:issue_comment:3703440525,Suggestion-Invocation,Talking-to-AI,1.0,
mgradwohl/tasksmack#303:issue_comment:3703536064,Suggestion-Invocation,Talking-to-AI,1.0,
mgradwohl/tasksmack#303:issue_comment:3703542870,Suggestion-TaskDelegation,Talking-to-AI,,
mgradwohl/tasksmack#303:issue_comment:3703550713,Suggestion-StepInstruction,Talking-to-AI,1.0,
mgradwohl/tasksmack#303:issue_comment:3703567721,Suggestion-Invocation,Talking-to-AI,0.9,
mgradwohl/tasksmack#303:issue_comment:3703925688,Suggestion-Invocation,Talking-to-AI,,
mgradwohl/tasksmack#303:issue_comment:3703929659,Suggestion-Invocation,Talking-to-AI,0.95,
mgradwohl/tasksmack#303:issue_comment:3703965063,Suggestion-Invocation,Talking-to-AI,1.0,
networkengineer-cloud/go-volunteer-media#152:issue_comment:3703056661,Suggestion-Invocation,Talking-to-AI,,
networkengineer-cloud/go-volunteer-media#152:issue_comment:3703084403,Suggestion-Invocation,Talking-to-AI,1.0,
nodetool-ai/nodetool#321:issue_comment:3703061778,Suggestion-Invocation,Talking-to-AI,1.0,
nqou-net/www.nqou.net#225:issue_comment:3703064947,Suggestion-Invocation,Talking-to-AI,,
nqou-net/www.nqou.net#227:issue_comment:3703068836,Suggestion-Invocation,Talking-to-AI,,
nqou-net/www.nqou.net#227:issue_comment:3703078138,Suggestion-Invocation,Talking-to-AI,,
ollieb89/jules_api_ui#6:issue_comment:3700738176,Suggestion-Invocation,Talking-to-AI,1.0,
ollieb89/jules_api_ui#6:review_comment:2654170492,Suggestion-Invocation,Talking-to-AI,1.0,
ollieb89/jules_api_ui#6:issue_comment:3700745590,Suggestion-Invocation,Talking-to-AI,1.0,
ollieb89/jules_api_ui#6:issue_comment:3702979103,Suggestion-TaskDelegation,Talking-to-AI,1,
ollieb89/jules_api_ui#9:issue_comment:3700325585,Suggestion-Invocation,Talking-to-AI,0.8,
ollieb89/jules_api_ui#9:issue_comment:3702979462,Suggestion-Invocation,Talking-to-AI,,
ollieb89/jules_api_ui#21:issue_comment:3702978603,Suggestion-Invocation,Talking-to-AI,1.0,
ollieb89/jules_api_ui#61:issue_comment:3702890155,Suggestion-Invocation,Talking-to-AI,1.0,
ollieb89/jules_api_ui#61:issue_comment:3702973115,Suggestion-Invocation,Talking-to-AI,,
ollieb89/jules_api_ui#62:issue_comment:3702973476,Suggestion-Invocation,Talking-to-AI,1,
ollieb89/jules_api_ui#62:issue_comment:3703124255,Suggestion-Invocation,Talking-to-AI,,
ollieb89/jules_api_ui#62:issue_comment:3703133314,Suggestion-TaskDelegation,Talking-to-AI,,
ollieb89/jules_api_ui#65:issue_comment:3702948131,Suggestion-Invocation,Talking-to-AI,,
ollieb89/jules_api_ui#65:issue_comment:3702980738,Suggestion-Invocation,Talking-to-AI,1.0,
ollieb89/jules_api_ui#65:issue_comment:3703056095,Suggestion-Invocation,Talking-to-AI,0.8,
ollieb89/jules_api_ui#74:issue_comment:3703291940,Suggestion-Invocation,Talking-to-AI,1.0,
ollieb89/jules_api_ui#74:issue_comment:3703294764,Suggestion-TaskDelegation,Talking-to-AI,0.9,
ollieb89/jules_api_ui#74:issue_comment:3703302336,Suggestion-Invocation,Talking-to-AI,1,
ollieb89/jules_api_ui#74:issue_comment:3703311791,Suggestion-Invocation,Talking-to-AI,0.9,
ollieb89/jules_api_ui#74:issue_comment:3728641895,Suggestion-Invocation,Talking-to-AI,1.0,
ollieb89/jules_api_ui#74:issue_comment:3728673098,Suggestion-Invocation,Talking-to-AI,high,
ollieb89/jules_api_ui#74:issue_comment:3733684288,Suggestion-Invocation,Talking-to-AI,1,
paperless-ngx/ansible#279:review:3620919775,Suggestion-Invocation,Talking-to-AI,1.0,
pollinations/pollinations#6680:issue_comment:3703703070,Suggestion-Invocation,Talking-to-AI,1.0,
pradeepmouli/homebridge-rabbitair#10:issue_comment:3702922744,Suggestion-Invocation,Talking-to-AI,1.0,
pradeepmouli/homebridge-rabbitair#10:review:3621500260,Suggestion-Invocation,Talking-to-AI,,
pradeepmouli/homebridge-rabbitair#10:review:3621575710,Suggestion-Invocation,Talking-to-AI,1.0,
pradeepmouli/x-to-zod#36:issue_comment:3702878431,Suggestion-Invocation,Talking-to-AI,1.0,
pradeepmouli/x-to-zod#36:review:3621452864,Suggestion-Invocation,Talking-to-AI,1.0,
pradeepmouli/x-to-zod#36:review:3621460441,Suggestion-Invocation,Talking-to-AI,1.0,
pradeepmouli/x-to-zod#36:review:3621505695,Suggestion-Invocation,Talking-to-AI,0.9,
pradeepmouli/x-to-zod#36:issue_comment:3703008730,Suggestion-Invocation,Talking-to-AI,,
pradeepmouli/x-to-zod#36:issue_comment:3703143561,Suggestion-Invocation,Talking-to-AI,1,
pradeepmouli/x-to-zod#36:review:3621574010,Suggestion-Invocation,Talking-to-AI,1.0,
punassuming/obsidian-ranger#6:issue_comment:3702987562,Suggestion-Invocation,Talking-to-AI,,
ranjitp16/ranjitp16.github.io#1:issue_comment:3702990636,Suggestion-Invocation,Talking-to-AI,high,
ranjitp16/ranjitp16.github.io#1:issue_comment:3703019048,Suggestion-Invocation,Talking-to-AI,1,
ranjitp16/ranjitp16.github.io#2:issue_comment:3703034931,Suggestion-Invocation,Talking-to-AI,,
sbryden/Scalar.Game#9:issue_comment:3702989789,Suggestion-Invocation,Talking-to-AI,1.0,
shiroinock/Darts-Score-Trainer#108:issue_comment:3702981316,Suggestion-Invocation,Talking-to-AI,1,
snakex64/QueueItUp#6:issue_comment:3634995866,Suggestion-Invocation,Talking-to-AI,,
snakex64/QueueItUp#6:issue_comment:3702810483,Suggestion-TaskDelegation,Talking-to-AI,,
snakex64/QueueItUp#6:issue_comment:3702944390,Suggestion-Invocation,Talking-to-AI,,
springfall2008/batpred#3153:review_comment:2655943831,Suggestion-Invocation,Talking-to-AI,,
springfall2008/batpred#3153:issue_comment:3703024876,Suggestion-Invocation,Talking-to-AI,,
springfall2008/batpred#3153:issue_comment:3703490629,Suggestion-Invocation,Talking-to-AI,,
sst/opencode#6319:issue_comment:3703034275,Suggestion-Invocation,Talking-to-AI,1,
strawgate/kb-yaml-to-lens#467:issue_comment:3702868802,Suggestion-Invocation,Talking-to-AI,1.0,
strawgate/kb-yaml-to-lens#467:issue_comment:3702915286,Suggestion-TaskDelegation,Talking-to-AI,0.8,
strawgate/kb-yaml-to-lens#467:issue_comment:3703029466,Suggestion-Invocation,Talking-to-AI,,
strawgate/kb-yaml-to-lens#467:issue_comment:3703082203,Suggestion-Invocation,Talking-to-AI,,
strawgate/kb-yaml-to-lens#467:issue_comment:3703119267,Suggestion-Invocation,Talking-to-AI,1,
strawgate/kb-yaml-to-lens#467:issue_comment:3703294572,Suggestion-Invocation,Talking-to-AI,1.0,
strawgate/kb-yaml-to-lens#467:issue_comment:3703300422,Suggestion-Invocation,Talking-to-AI,0.8,
strawgate/kb-yaml-to-lens#467:issue_comment:3703963860,Suggestion-Invocation,Talking-to-AI,,
strawgate/kb-yaml-to-lens#467:issue_comment:3703972808,Suggestion-Invocation,Talking-to-AI,0.8,
strawgate/kb-yaml-to-lens#473:issue_comment:3703032333,Suggestion-Invocation,Talking-to-AI,0.9,
strawgate/kb-yaml-to-lens#474:issue_comment:3702925477,Suggestion-Invocation,Talking-to-AI,1,
strawgate/kb-yaml-to-lens#474:issue_comment:3703030918,Suggestion-Invocation,Talking-to-AI,high,
strawgate/kb-yaml-to-lens#484:issue_comment:3703061471,Suggestion-Invocation,Talking-to-AI,high,
strawgate/kb-yaml-to-lens#484:issue_comment:3703077841,Suggestion-Recommendation,Talking-to-AI,high,
strawgate/kb-yaml-to-lens#484:issue_comment:3703102690,Suggestion-Invocation,Talking-to-AI,1,
subculture-collective/clipper#945:issue_comment:3703017453,Suggestion-Invocation,Talking-to-AI,1.0,
tadoogie/test#23:issue_comment:3700618714,Suggestion-Invocation,Talking-to-AI,1.0,
tadoogie/test#23:issue_comment:3700643316,Suggestion-Invocation,Talking-to-AI,1,
tadoogie/test#23:issue_comment:3700665823,Suggestion-Invocation,Talking-to-AI,1.0,
tadoogie/test#23:issue_comment:3700718075,Suggestion-Invocation,Talking-to-AI,0.8,
tadoogie/test#23:issue_comment:3700753225,Suggestion-Invocation,Talking-to-AI,0.8,
tadoogie/test#23:issue_comment:3700804610,Suggestion-Invocation,Talking-to-AI,1.0,
tadoogie/test#23:issue_comment:3700844611,Suggestion-Invocation,Talking-to-AI,1,
tadoogie/test#23:issue_comment:3700885592,Suggestion-Invocation,Talking-to-AI,0.9,
tadoogie/test#23:issue_comment:3702570030,Suggestion-StepInstruction,Talking-to-AI,1.0,
tadoogie/test#23:issue_comment:3703057029,Suggestion-Invocation,Talking-to-AI,0.8,
tadoogie/test#23:issue_comment:3703061136,Suggestion-Invocation,Talking-to-AI,1.0,
tadoogie/test#23:issue_comment:3703062579,Suggestion-Invocation,Talking-to-AI,,
tiedanGH/lgtbot#9:issue_comment:3574052605,Suggestion-Invocation,Talking-to-AI,1.0,
tiedanGH/lgtbot#9:issue_comment:3703053746,Suggestion-Invocation,Talking-to-AI,0.8,
toddwseattle/toddwseattle-astro#5:issue_comment:3702970749,Suggestion-Invocation,Talking-to-AI,,
toddwseattle/toddwseattle-astro#5:review_comment:2655942240,Suggestion-Invocation,Talking-to-AI,,
totem-technologies/totem-server#192:issue_comment:3691677738,Suggestion-Invocation,Talking-to-AI,,
totem-technologies/totem-server#192:issue_comment:3702981917,Suggestion-Invocation,Talking-to-AI,1,
trabalhefabricio/ai-file-sorter-iconic#43:issue_comment:3703055862,Suggestion-Invocation,Talking-to-AI,1.0,
trabalhefabricio/iconic-fl-pluginsorter#6:issue_comment:3703056089,Suggestion-Invocation,Talking-to-AI,1.0,
trabalhefabricio/iconic-fl-pluginsorter#6:issue_comment:3703064843,Suggestion-StepInstruction,Talking-to-AI,1,
vadnala/GTADetroit#11:issue_comment:3702969614,Suggestion-Invocation,Talking-to-AI,,
vadnala/GTADetroit#11:issue_comment:3702984075,Suggestion-Invocation,Talking-to-AI,1.0,
vadnala/GTADetroit#11:issue_comment:3702994459,Suggestion-Invocation,Talking-to-AI,,
vadnala/GTADetroit#12:issue_comment:3703068916,Suggestion-TaskDelegation,Talking-to-AI,1,
vadnala/GTADetroit#12:issue_comment:3703080600,Suggestion-Invocation,Talking-to-AI,,
vadnala/GTADetroit#12:issue_comment:3703094203,Suggestion-Invocation,Talking-to-AI,1,
vinnieboy707/Hydra-termux#12:issue_comment:3702910193,Suggestion-Invocation,Talking-to-AI,,
vinnieboy707/Hydra-termux#12:issue_comment:3702941024,Suggestion-Invocation,Talking-to-AI,high,
vinnieboy707/Hydra-termux#12:issue_comment:3702945379,Suggestion-Invocation,Talking-to-AI,1,
xbmc/xbmc#27631:issue_comment:3702856518,Suggestion-Recommendation,Talking-to-AI,0.8,
xbmc/xbmc#27631:issue_comment:3702868715,Suggestion-Invocation,Talking-to-AI,1.0,
